id,normalized_url,status_code,title,h1,canonical_url,indexability,evidence_id
URL-0001,https://kakawachocolates.com.au/,200,Chocolate Shop in Sydney | Handmade Artisanal Chocolates – Kakawa Chocolates,"Kakawa Chocolates Award-Winning Handmade & Artisan Chocolates, Freshly Made Everyday",https://kakawachocolates.com.au/,No noindex observed,EV-0001
URL-0002,https://kakawachocolates.com.au/blogs/chocolates,200,"Chocolate Insights, Gifting Ideas & Stories | Kakawa Chocolates",Blog,https://kakawachocolates.com.au/blogs/chocolates,No noindex observed,EV-0002
URL-0003,https://kakawachocolates.com.au/blogs/in-the-media,200,Media Features & Press Coverage | Kakawa Chocolates,In The Media,https://kakawachocolates.com.au/blogs/in-the-media,No noindex observed,EV-0003
URL-0004,https://kakawachocolates.com.au/cart,200,Your Shopping Cart – Kakawa Chocolates,Shopping Cart,https://kakawachocolates.com.au/cart,No noindex observed,EV-0004
URL-0005,https://kakawachocolates.com.au/collections,200,Collections – Kakawa Chocolates,Collections,https://kakawachocolates.com.au/collections,No noindex observed,EV-0005
URL-0006,https://kakawachocolates.com.au/collections/chocolate-bar,200,Premium Chocolate Bars Australia | Gourmet Chocolate Bars – Kakawa Chocolates,Premium Handcrafted Chocolate Bars,https://kakawachocolates.com.au/collections/chocolate-bar,No noindex observed,EV-0006
URL-0007,https://kakawachocolates.com.au/collections/chocolate-cd,200,Chocolate CD Collection | Kakawa Chocolates,Chocolate CD,https://kakawachocolates.com.au/collections/chocolate-cd,No noindex observed,EV-0007
URL-0008,https://kakawachocolates.com.au/collections/chocolate-slab,200,Premium Chocolate Slabs | Handmade Chocolate Slabs By Kakawa – Kakawa Chocolates,Handcrafted Chocolate Slab,https://kakawachocolates.com.au/collections/chocolate-slab,No noindex observed,EV-0008
URL-0009,https://kakawachocolates.com.au/collections/confectionary,200,Handcrafted Confectionary – Premium Sweets | Kakawa Chocolates,Confectionary,https://kakawachocolates.com.au/collections/confectionary,No noindex observed,EV-0009
URL-0010,https://kakawachocolates.com.au/collections/fathers-day-booze-chocolates,200,Father's Day Chocolates | Kakawa Chocolates,Father's Day Booze Chocolates,https://kakawachocolates.com.au/collections/fathers-day-booze-chocolates,No noindex observed,EV-0010
URL-0011,https://kakawachocolates.com.au/collections/gift-boxes,200,Chocolate Gift Boxes | Luxury Handmade Boxes Sydney | Kakawa – Kakawa Chocolates,Chocolate Gift Boxes,https://kakawachocolates.com.au/collections/gift-boxes,No noindex observed,EV-0011
URL-0012,https://kakawachocolates.com.au/collections/in-store-exclusives,200,Exclusive In-Store Chocolates | Kakawa Chocolates Sydney,In-Store Exclusives,https://kakawachocolates.com.au/collections/in-store-exclusives,No noindex observed,EV-0012
URL-0013,https://kakawachocolates.com.au/collections/moon-festival,200,Moon Festival Chocolates | Kakawa Chocolates,Moon Festival Chocolate Mooncake,https://kakawachocolates.com.au/collections/moon-festival,No noindex observed,EV-0013
URL-0014,https://kakawachocolates.com.au/collections/party-packs,200,Celebrations Chocolates & Chocolate Pack | Kakawa Chocolates,Handcrafted Chocolate Packs for Every Celebration,https://kakawachocolates.com.au/collections/party-packs,No noindex observed,EV-0014
URL-0015,https://kakawachocolates.com.au/collections/party-packs/products/chocolate-slab-pack-online-only,200,Dark Chocolate Slab Pack | Kakawa Chocolates,Dark Chocolate Slab Pack (Online Only),https://kakawachocolates.com.au/products/chocolate-slab-pack-online-only,No noindex observed,EV-0015
URL-0016,https://kakawachocolates.com.au/collections/party-packs/products/confectionery-pack-online-only,200,Confectionery Pack | Kakawa Chocolates,Confectionery Pack (Online Only),https://kakawachocolates.com.au/products/confectionery-pack-online-only,No noindex observed,EV-0016
URL-0017,https://kakawachocolates.com.au/collections/pralines-bonbons,200,Praline Chocolates & Bonbons | Handmade in Sydney | Kakawa – Kakawa Chocolates,Handcrafted Praline Chocolates & Bonbons,https://kakawachocolates.com.au/collections/pralines-bonbons,No noindex observed,EV-0017
URL-0018,https://kakawachocolates.com.au/collections/single-origin-chocolates,200,Single Origin Chocolates | Handmade in Sydney – Kakawa Chocolates,Single Origin Chocolates,https://kakawachocolates.com.au/collections/single-origin-chocolates,No noindex observed,EV-0018
URL-0019,https://kakawachocolates.com.au/collections/winter-chocolate-collection,200,Winter Chocolate Collection By Kakawa – Kakawa Chocolates,Winter Chocolate Collection,https://kakawachocolates.com.au/collections/winter-chocolate-collection,No noindex observed,EV-0019
URL-0020,https://kakawachocolates.com.au/pages/about-us,200,About Us | Kakawa Chocolates | Premium Handmade Chocolates,Unavailable,https://kakawachocolates.com.au/pages/about-us,No noindex observed,EV-0020
URL-0021,https://kakawachocolates.com.au/pages/contact-us,200,Contact Us | Kakawa Chocolates | Premium Handmade Chocolates,Contact Us,https://kakawachocolates.com.au/pages/contact-us,No noindex observed,EV-0021
URL-0022,https://kakawachocolates.com.au/pages/corporate-chocolates,200,Corporate Chocolate Gifts and Branded Chocolates for Events – Kakawa Chocolates,Personalised Chocolates for Corporate Events,https://kakawachocolates.com.au/pages/corporate-chocolates,No noindex observed,EV-0022
URL-0023,https://kakawachocolates.com.au/pages/events-corporates,200,Personalised Chocolate Hampers for Events & Corporates – Kakawa Chocolates,Events & Corporates,https://kakawachocolates.com.au/pages/events-corporates,No noindex observed,EV-0023
URL-0024,https://kakawachocolates.com.au/pages/how-we-make-chocolate,200,How We Make Chocolate – Artisanal Process & Natural Ingredients | Kakawa Chocolates,How We Make Chocolate,https://kakawachocolates.com.au/pages/how-we-make-chocolate,No noindex observed,EV-0024
URL-0025,https://kakawachocolates.com.au/pages/membership,200,Kakawa Rewards – Kakawa Chocolates,Unavailable,https://kakawachocolates.com.au/pages/membership,No noindex observed,EV-0025
URL-0026,https://kakawachocolates.com.au/pages/our-ingredients-and-ethics,200,Our Ingredients and Ethics | Kakawa Chocolates,Our Ingredients & Ethics,https://kakawachocolates.com.au/pages/our-ingredients-and-ethics,No noindex observed,EV-0026
URL-0027,https://kakawachocolates.com.au/pages/past-seasonal-collections,200,Past Seasonal Collections – Kakawa Chocolates,Past Seasonal Collections,https://kakawachocolates.com.au/pages/past-seasonal-collections,No noindex observed,EV-0027
URL-0028,https://kakawachocolates.com.au/pages/privacy-policy,200,Privacy Policy – Kakawa Chocolates,Privacy Policy,https://kakawachocolates.com.au/pages/privacy-policy,No noindex observed,EV-0028
URL-0029,https://kakawachocolates.com.au/pages/returns-refunds,200,Returns & Refunds Policy | Kakawa Chocolates,Returns & Refunds,https://kakawachocolates.com.au/pages/returns-refunds,No noindex observed,EV-0029
URL-0030,https://kakawachocolates.com.au/pages/rewards-terms-conditions,200,Rewards Terms & Conditions – Kakawa Chocolates,Rewards Terms & Conditions,https://kakawachocolates.com.au/pages/rewards-terms-conditions,No noindex observed,EV-0030
URL-0031,https://kakawachocolates.com.au/pages/shipping,200,Shipping Information | Kakawa Chocolates,Shipping,https://kakawachocolates.com.au/pages/shipping,No noindex observed,EV-0031
URL-0032,https://kakawachocolates.com.au/pages/terms-conditions-1,200,Terms & Conditions – Kakawa Chocolates,Terms & Conditions,https://kakawachocolates.com.au/pages/terms-conditions-1,No noindex observed,EV-0032
URL-0033,https://kakawachocolates.com.au/pages/wedding-chocolates,200,Chocolates for Wedding | Personalised Chocolate Favours – Kakawa Chocolates,Elegant Handcrafted Chocolate for Wedding Celebrations,https://kakawachocolates.com.au/pages/wedding-chocolates,No noindex observed,EV-0033
URL-0034,https://kakawachocolates.com.au/pages/wholesale,200,Wholesale Enquiries – Kakawa Chocolates Wholesale,Wholesale Chocolates,https://kakawachocolates.com.au/pages/wholesale,No noindex observed,EV-0034
URL-0035,https://kakawachocolates.com.au/products/blonde-caramelised-white-chocolates,200,Blonde (Caramelised White Chocolates) | Kakawa Chocolates,Blonde (Caramelised White Chocolates),https://kakawachocolates.com.au/products/blonde-caramelised-white-chocolates,No noindex observed,EV-0035
URL-0036,https://kakawachocolates.com.au/products/caramelised-hazelnut-slab-dark-chocolate,200,Caramelised Hazelnut Dark Chocolate Slab – Kakawa Chocolates,Caramelised Hazelnut Dark Chocolate Slab,https://kakawachocolates.com.au/products/caramelised-hazelnut-slab-dark-chocolate,No noindex observed,EV-0036
URL-0037,https://kakawachocolates.com.au/products/caramelised-hazelnut-slab-milk-chocolate,200,Caramelised Hazelnut Milk Chocolate Slab | Kakawa Chocolates,Caramelised Hazelnut Milk Chocolate Slab,https://kakawachocolates.com.au/products/caramelised-hazelnut-slab-milk-chocolate,No noindex observed,EV-0037
URL-0038,https://kakawachocolates.com.au/products/caramelised-macadamia-dark-chocolate-ball,200,Caramelised Macadamia Dark Chocolate Ball | Kakawa Chocolates Sydney,Caramelised Macadamia Dark Chocolate Ball,https://kakawachocolates.com.au/products/caramelised-macadamia-dark-chocolate-ball,No noindex observed,EV-0038
URL-0039,https://kakawachocolates.com.au/products/chilli-with-dark-chocolate-slab,200,Chilli Dark Chocolate Slab | Kakawa Chocolates,Chilli Dark Chocolate Slab,https://kakawachocolates.com.au/products/chilli-with-dark-chocolate-slab,No noindex observed,EV-0039
URL-0040,https://kakawachocolates.com.au/products/coffee-bean-slab-dark-chocolate,200,Coffee Bean Dark Chocolate Slab | Kakawa Chocolates,Coffee Bean Dark Chocolate Slab,https://kakawachocolates.com.au/products/coffee-bean-slab-dark-chocolate,No noindex observed,EV-0040
URL-0041,https://kakawachocolates.com.au/products/cranberry-dark-chocolate-slab,200,Cranberry Dark Chocolate Slab | Kakawa Chocolates,Cranberry Dark Chocolate Slab,https://kakawachocolates.com.au/products/cranberry-dark-chocolate-slab,No noindex observed,EV-0041
URL-0042,https://kakawachocolates.com.au/products/crunchy-coconut-dark-chocolate,200,Crunchy Coconut Milk Chocolate Slab | Kakawa Chocolates,Crunchy Coconut Milk Chocolate Slab,https://kakawachocolates.com.au/products/crunchy-coconut-dark-chocolate,No noindex observed,EV-0042
URL-0043,https://kakawachocolates.com.au/products/gift-voucher,200,Gift Voucher | Kakawa Chocolates,Gift Voucher,https://kakawachocolates.com.au/products/gift-voucher,No noindex observed,EV-0043
URL-0044,https://kakawachocolates.com.au/products/ginger-and-fennel-dark-chocolate-slab,200,Ginger and Fennel Dark Chocolate Slab | Kakawa Chocolates,Ginger & Fennel Dark Chocolate Slab,https://kakawachocolates.com.au/products/ginger-and-fennel-dark-chocolate-slab,No noindex observed,EV-0044
URL-0045,https://kakawachocolates.com.au/products/house-milk-chocolate-slab,200,House Milk Chocolate Slab | Kakawa Chocolates,House Milk Chocolate Slab,https://kakawachocolates.com.au/products/house-milk-chocolate-slab,No noindex observed,EV-0045
URL-0046,https://kakawachocolates.com.au/products/house-white-chocolate-slab,200,Premium White Chocolate Slab | Crafted by Kakawa Chocolates,House White Chocolate Slab,https://kakawachocolates.com.au/products/house-white-chocolate-slab,No noindex observed,EV-0046
URL-0047,https://kakawachocolates.com.au/products/huuse-dark-chocolate-slab,200,House Dark Chocolate Slab | Kakawa Chocolates,House Dark Chocolate Slab,https://kakawachocolates.com.au/products/huuse-dark-chocolate-slab,No noindex observed,EV-0047
URL-0048,https://kakawachocolates.com.au/products/make-your-own-gift-box,200,Custom Chocolate Boxes | Build Your Own Chocolate Box – Kakawa Chocolates,Design Your Own Box,https://kakawachocolates.com.au/products/make-your-own-gift-box,No noindex observed,EV-0048
URL-0049,https://kakawachocolates.com.au/products/matcha-green-tea,200,Matcha Chocolate Tea Delight | Kakawa Chocolates,Matcha Green Tea White Chocolate Slab,https://kakawachocolates.com.au/products/matcha-green-tea,No noindex observed,EV-0049
URL-0050,https://kakawachocolates.com.au/products/mint-crisp-dark-chocolate-slab,200,Refreshing Mint Crisp Dark Chocolate Slab | Kakawa Chocolates,Mint Crisp Dark Chocolate Slab,https://kakawachocolates.com.au/products/mint-crisp-dark-chocolate-slab,No noindex observed,EV-0050
URL-0051,https://kakawachocolates.com.au/products/sour-cherry-with-white-chocolate-slab,200,Sour Cherry White Chocolate Slab | Kakawa Chocolates,Sour Cherry White Chocolate Slab,https://kakawachocolates.com.au/products/sour-cherry-with-white-chocolate-slab,No noindex observed,EV-0051
URL-0052,https://kakawachocolates.com.au/products/strawberry-pink-peppercorn-with-dark-chocolate-slab,200,Strawberry & Pink Peppercorn Dark Chocolate | Kakawa Chocolates,Strawberry & Pink Peppercorn Dark Chocolate Slab,https://kakawachocolates.com.au/products/strawberry-pink-peppercorn-with-dark-chocolate-slab,No noindex observed,EV-0052
URL-0053,https://kakawachocolates.com.au/blogs/chocolates/10-chocolate-facts-most-people-dont-know,200,10 Chocolate Facts Most People Don’t Know – Kakawa Chocolates,10 Chocolate Facts Most People Don’t Know,https://kakawachocolates.com.au/blogs/chocolates/10-chocolate-facts-most-people-dont-know,No noindex observed,EV-0053
URL-0054,https://kakawachocolates.com.au/blogs/chocolates/a-sweet-collaboration-with-sydney-gift-hampers,200,Corporate Chocolate Gift Ideas | Kakawa Chocolates,A Sweet Collaboration with Sydney Gift Hampers,https://kakawachocolates.com.au/blogs/chocolates/a-sweet-collaboration-with-sydney-gift-hampers,No noindex observed,EV-0054
URL-0055,https://kakawachocolates.com.au/blogs/chocolates/best-last-minute-eofy-corporate-gifts-australia,200,EOFY Corporate Gifts Australia: How to Choose Something Worth Giving – Kakawa Chocolates,The Best Last-Minute EOFY Corporate Gifts (That Still Feel Thoughtful),https://kakawachocolates.com.au/blogs/chocolates/best-last-minute-eofy-corporate-gifts-australia,No noindex observed,EV-0055
URL-0056,https://kakawachocolates.com.au/blogs/chocolates/handmade-chocolates-vs-factory-made-chocolates-why-handmade,200,Handmade vs Factory Chocolates | Kakawa Chocolates,Handmade Chocolates vs Factory Made Chocolates: Why Handmade? | Handmade Chocolates vs Factory Made Chocolates: Why Handmade?,https://kakawachocolates.com.au/blogs/chocolates/handmade-chocolates-vs-factory-made-chocolates-why-handmade,No noindex observed,EV-0056
URL-0057,https://kakawachocolates.com.au/blogs/chocolates/how-to-pair-single-origin-chocolate-with-wine-whisky-and-winter-desserts,200,"How to Pair Single Origin Chocolate with Wine, Whisky and Winter Desse – Kakawa Chocolates","How to Pair Single Origin Chocolate with Wine, Whisky and Winter Desserts",https://kakawachocolates.com.au/blogs/chocolates/how-to-pair-single-origin-chocolate-with-wine-whisky-and-winter-desserts,No noindex observed,EV-0057
URL-0058,https://kakawachocolates.com.au/blogs/chocolates/kakawa-brandied-cherry-gift-box-a-year-in-the-making,200,Brandied Cherry Christmas Gift Box – Limited Edition | Kakawa Chocolates,Kakawa’s Brandied Cherry Gift Box: A Year in the Making,https://kakawachocolates.com.au/blogs/chocolates/kakawa-brandied-cherry-gift-box-a-year-in-the-making,No noindex observed,EV-0058
URL-0059,https://kakawachocolates.com.au/blogs/chocolates/pop-the-champagne-meet-kakawa-s-new-party-pack-collection,200,Party Pack Chocolate Gift Boxes | Kakawa Chocolates,Pop the Champagne: Meet Kakawa’s New Party Pack Collection | Pop the Champagne: Meet Kakawa’s New Party Pack Collection,https://kakawachocolates.com.au/blogs/chocolates/pop-the-champagne-meet-kakawa-s-new-party-pack-collection,No noindex observed,EV-0059
URL-0060,https://kakawachocolates.com.au/blogs/chocolates/single-origin-chocolate-why-chocolate-percentage-doesnt-define-flavour,200,Single Origin Chocolate: Why Chocolate Percentage Doesn’t Define Flavo – Kakawa Chocolates,Single Origin Chocolate: Why Chocolate Percentage Doesn’t Define Flavour,https://kakawachocolates.com.au/blogs/chocolates/single-origin-chocolate-why-chocolate-percentage-doesnt-define-flavour,No noindex observed,EV-0060
URL-0061,https://kakawachocolates.com.au/blogs/chocolates/the-gift-that-speaks-his-language-why-kakawa-s-booze-chocolates-are-perfect-for-father-s-day,200,Booze Chocolates for Father’s Day | Kakawa Chocolates,The Gift That Speaks His Language: Why Kakawa’s Booze Chocolates Are Perfect for Father’s Day,https://kakawachocolates.com.au/blogs/chocolates/the-gift-that-speaks-his-language-why-kakawa-s-booze-chocolates-are-perfect-for-father-s-day,No noindex observed,EV-0061
URL-0062,https://kakawachocolates.com.au/blogs/chocolates/thoughtful-mothers-day-chocolate-gifts-for-every-taste,200,Thoughtful Mother's Day Chocolate Gifts for Every Taste – Kakawa Chocolates,Thoughtful Mother's Day Chocolate Gifts for Every Taste,https://kakawachocolates.com.au/blogs/chocolates/thoughtful-mothers-day-chocolate-gifts-for-every-taste,No noindex observed,EV-0062
URL-0063,https://kakawachocolates.com.au/blogs/chocolates/unique-easter-chocolate-ideas-beyond-the-supermarket,200,Unique Easter Chocolate Ideas Beyond the Supermarket – Kakawa Chocolates,Unique Easter Chocolate Ideas Beyond the Supermarket,https://kakawachocolates.com.au/blogs/chocolates/unique-easter-chocolate-ideas-beyond-the-supermarket,No noindex observed,EV-0063
URL-0064,https://kakawachocolates.com.au/blogs/chocolates/what-your-favourite-fruit-says-about-your-chocolate-taste,200,What Your Favourite Fruit Says About Your Chocolate Taste – Kakawa Chocolates,What Your Favourite Fruit Says About Your Chocolate Taste | What fruit do you naturally enjoy eating?,https://kakawachocolates.com.au/blogs/chocolates/what-your-favourite-fruit-says-about-your-chocolate-taste,No noindex observed,EV-0064
URL-0065,https://kakawachocolates.com.au/blogs/chocolates?page=2,200,"Chocolate Insights, Gifting Ideas & Stories | Kakawa Chocolates – Page 2",Blog,https://kakawachocolates.com.au/blogs/chocolates?page=2,No noindex observed,EV-0065
URL-0066,https://kakawachocolates.com.au/blogs/in-the-media/9-of-australia-best-chocolate-shops,200,“9 of Australia’s Best Chocolate Shops” – Kakawa Chocolates,“9 of Australia’s Best Chocolate Shops”,https://kakawachocolates.com.au/blogs/in-the-media/9-of-australia-best-chocolate-shops,No noindex observed,EV-0066
URL-0067,https://kakawachocolates.com.au/blogs/in-the-media/easter-eggs-sydney-morning-herald,200,Freaky Easter Eggs – Flavour of the Month | Kakawa Chocolates,Easter eggs – Freaky Easter treats are the flavour of the month ( The Sydney Morning Herald ),https://kakawachocolates.com.au/blogs/in-the-media/easter-eggs-sydney-morning-herald,No noindex observed,EV-0067
URL-0068,https://kakawachocolates.com.au/blogs/in-the-media/kakawa-featured-twice-in-broadsheet-s-2025-easter-guides,200,Kakawa Featured in Broadsheet's 2025 Easter Guides | Kakawa Chocolates,Kakawa Featured Twice in Broadsheet’s 2025 Easter Guides,https://kakawachocolates.com.au/blogs/in-the-media/kakawa-featured-twice-in-broadsheet-s-2025-easter-guides,No noindex observed,EV-0068
URL-0069,https://kakawachocolates.com.au/blogs/in-the-media/six-of-the-best-easter-eggs-for-adults,200,“Six Of The Best Easter Eggs For Adults” – Kakawa Chocolates,“Six Of The Best Easter Eggs For Adults”,https://kakawachocolates.com.au/blogs/in-the-media/six-of-the-best-easter-eggs-for-adults,No noindex observed,EV-0069
URL-0070,https://kakawachocolates.com.au/blogs/in-the-media/sweet-coverage-kakawa-hops-into-the-sydney-morning-herald,200,Kakawa Chocolates Featured in The Sydney Morning Herald,Sweet Coverage: Kakawa Hops Into The Sydney Morning Herald,https://kakawachocolates.com.au/blogs/in-the-media/sweet-coverage-kakawa-hops-into-the-sydney-morning-herald,No noindex observed,EV-0070
URL-0071,https://kakawachocolates.com.au/blogs/in-the-media/sydney-cracking-chocolate-easter-eggs,200,Best Chocolate Easter Eggs in Sydney for Every Budget | Kakawa Chocolates,“Sydney’s cracking new chocolate Easter eggs for every budget”,https://kakawachocolates.com.au/blogs/in-the-media/sydney-cracking-chocolate-easter-eggs,No noindex observed,EV-0071
URL-0072,https://kakawachocolates.com.au/blogs/in-the-media/sydney-sweets-an-essential-guide,200,Sydney's Essential Sweets Guide: Top Picks | Kakawa Chocolates,“Sydney Sweets: An Essential Guide”,https://kakawachocolates.com.au/blogs/in-the-media/sydney-sweets-an-essential-guide,No noindex observed,EV-0072
URL-0073,https://kakawachocolates.com.au/blogs/in-the-media/the-10-best-chocolates-easter,200,10 Best Chocolates to Enjoy This Easter | Kakawa Chocolates,“The 10 Best Chocolates to Indulge in this Easter”,https://kakawachocolates.com.au/blogs/in-the-media/the-10-best-chocolates-easter,No noindex observed,EV-0073
URL-0074,https://kakawachocolates.com.au/blogs/in-the-media/the-best-chocolate-shops-in-sydney,200,Best Chocolate Shops in Sydney | Kakawa Chocolates,“The Best Chocolate Shops in Sydney to Get Your Sweet Treat Fix”,https://kakawachocolates.com.au/blogs/in-the-media/the-best-chocolate-shops-in-sydney,No noindex observed,EV-0074
URL-0075,https://kakawachocolates.com.au/blogs/in-the-media/the-best-chocolatiers-in-sydney,200,The Best Chocolatiers in Sydney | Kakawa Chocolates,“The Best Chocolatiers in Sydney”,https://kakawachocolates.com.au/blogs/in-the-media/the-best-chocolatiers-in-sydney,No noindex observed,EV-0075
URL-0076,https://kakawachocolates.com.au/blogs/in-the-media/the-best-easter-chocolate-in-sydney,200,Where to Find the Best Easter Chocolate in Sydney | Kakawa Chocolates,“Where to find the best Easter chocolate in Sydney”,https://kakawachocolates.com.au/blogs/in-the-media/the-best-easter-chocolate-in-sydney,No noindex observed,EV-0076
URL-0077,https://kakawachocolates.com.au/blogs/in-the-media/world-chocolate-day,200,World Chocolate Day: Top 11 Chocolate Spots in Sydney | Kakawa Chocolates,“World Chocolate Day: 11 places to get your chocolate fix”,https://kakawachocolates.com.au/blogs/in-the-media/world-chocolate-day,No noindex observed,EV-0077
URL-0078,https://kakawachocolates.com.au/blogs/in-the-media?page=2,200,Media Features & Press Coverage | Kakawa Chocolates – Page 2,In The Media,https://kakawachocolates.com.au/blogs/in-the-media?page=2,No noindex observed,EV-0078
URL-0079,https://kakawachocolates.com.au/collections/all,200,Products – Kakawa Chocolates,Products,https://kakawachocolates.com.au/collections/all,No noindex observed,EV-0079
URL-0080,https://kakawachocolates.com.au/policies/shipping-policy,200,Shipping policy – Kakawa Chocolates,Shipping policy,https://kakawachocolates.com.au/policies/shipping-policy,No noindex observed,EV-0080
URL-0081,https://kakawachocolates.com.au/collections/design-your-own-box,200,Design Your Own Chocolate Box | Kakawa Chocolates,Design Your Own Box,https://kakawachocolates.com.au/collections/design-your-own-box,No noindex observed,EV-0081
URL-0082,https://kakawachocolates.com.au/collections/gift-voucher,200,Gift Voucher Collection | Kakawa Chocolates,Gift Voucher,https://kakawachocolates.com.au/collections/gift-voucher,No noindex observed,EV-0082
URL-0083,https://kakawachocolates.com.au/products/date-and-marzipan-bar,200,Date and Marzipan Bar | Kakawa Chocolates,Date and Marzipan Bar,https://kakawachocolates.com.au/products/date-and-marzipan-bar,No noindex observed,EV-0083
URL-0084,https://kakawachocolates.com.au/products/peanut-praline-and-strawberry-bar,200,Peanut Praline & Strawberry Bar – Kakawa Chocolates,Peanut Praline & Strawberry Bar,https://kakawachocolates.com.au/products/peanut-praline-and-strawberry-bar,No noindex observed,EV-0084
URL-0085,https://kakawachocolates.com.au/products/salted-caramel-bar,200,Salted Caramel Bar – Kakawa Chocolates,Salted Caramel Bar,https://kakawachocolates.com.au/products/salted-caramel-bar,No noindex observed,EV-0085
URL-0086,https://kakawachocolates.com.au/products/salted-crispy-crunchy-bar,200,Salted Crispy Crunch Bar | Kakawa Chocolates,Salted Crispy Crunch Bar,https://kakawachocolates.com.au/products/salted-crispy-crunchy-bar,No noindex observed,EV-0086
URL-0087,https://kakawachocolates.com.au/products/soft-chocolate-nougat-bar,200,Soft Chocolate Nougat Bar – Kakawa Chocolates,Soft Chocolate Nougat Bar,https://kakawachocolates.com.au/products/soft-chocolate-nougat-bar,No noindex observed,EV-0087
URL-0088,https://kakawachocolates.com.au/products/black-doris-plum-dark-chocolate-cd,200,Black Doris Plum & Dark Chocolate CD – Kakawa Chocolates,Black Doris Plum & Dark Chocolate CD,https://kakawachocolates.com.au/products/black-doris-plum-dark-chocolate-cd,No noindex observed,EV-0088
URL-0089,https://kakawachocolates.com.au/products/blood-orange-dark-chocolate,200,Blood Orange & Dark Chocolate CD – Kakawa Chocolates,Blood Orange & Dark Chocolate CD,https://kakawachocolates.com.au/products/blood-orange-dark-chocolate,No noindex observed,EV-0089
URL-0090,https://kakawachocolates.com.au/products/chocolate-cd-gift-box,200,Chocolate CD Gift Box | Kakawa Chocolates,Chocolate CD Gift Box,https://kakawachocolates.com.au/products/chocolate-cd-gift-box,No noindex observed,EV-0090
URL-0091,https://kakawachocolates.com.au/products/mango-and-chilli-dark-chocolate,200,Mango and Chilli & Dark Chocolate CD | Kakawa Chocolates,Mango and Chilli & Dark Chocolate CD,https://kakawachocolates.com.au/products/mango-and-chilli-dark-chocolate,No noindex observed,EV-0091
URL-0092,https://kakawachocolates.com.au/products/passion-fruit-milk-chocolate,200,Passion Fruit & Milk Chocolate CD – Kakawa Chocolates,Passion Fruit & Milk Chocolate CD,https://kakawachocolates.com.au/products/passion-fruit-milk-chocolate,No noindex observed,EV-0092
URL-0093,https://kakawachocolates.com.au/products/raspberry-milk-chocolate-cd,200,Raspberry & Milk Chocolate CD – Kakawa Chocolates,Raspberry & Milk Chocolate CD,https://kakawachocolates.com.au/products/raspberry-milk-chocolate-cd,No noindex observed,EV-0093
URL-0094,https://kakawachocolates.com.au/products/strawberry-white-chocolate,200,Strawberry & White Chocolate CD | Kakawa Chocolates,Strawberry & white chocolate CD,https://kakawachocolates.com.au/products/strawberry-white-chocolate,No noindex observed,EV-0094
URL-0095,https://kakawachocolates.com.au/collections/chocolate-slab?page=2,200,Premium Chocolate Slabs | Handmade Chocolate Slabs By Kakawa – Page 2 – Kakawa Chocolates,Handcrafted Chocolate Slab,https://kakawachocolates.com.au/collections/chocolate-slab?page=2,No noindex observed,EV-0095
URL-0096,https://kakawachocolates.com.au/products/candied-pistachio-ruby-chocolate-slab,200,Candied Pistachio Ruby Chocolate Slab – Kakawa Chocolates,Candied Pistachio Ruby Chocolate Slab,https://kakawachocolates.com.au/products/candied-pistachio-ruby-chocolate-slab,No noindex observed,EV-0096
URL-0097,https://kakawachocolates.com.au/products/caramelised-almond-with-dark-chocolate-slab,200,Caramelised Almond Dark Chocolate Slab | Kakawa Chocolates,Caramelised Almond Dark Chocolate Slab,https://kakawachocolates.com.au/products/caramelised-almond-with-dark-chocolate-slab,No noindex observed,EV-0097
URL-0098,https://kakawachocolates.com.au/products/caramelised-black-sesame,200,Caramelised Black Sesame White Chocolate Slab – Kakawa Chocolates,Caramelised Black Sesame White Chocolate Slab,https://kakawachocolates.com.au/products/caramelised-black-sesame,No noindex observed,EV-0098
URL-0099,https://kakawachocolates.com.au/products/coffee-bean-slab-milk-chocolate,200,Caramelised Popcorn Milk Chocolate Slab – Kakawa Chocolates,Caramelised Popcorn Milk Chocolate Slab,https://kakawachocolates.com.au/products/coffee-bean-slab-milk-chocolate,No noindex observed,EV-0099
URL-0100,https://kakawachocolates.com.au/products/honeycomb-slab,200,Honeycomb Chocolate Slab – Kakawa Chocolates,Honeycomb Chocolate Slab,https://kakawachocolates.com.au/products/honeycomb-slab,No noindex observed,EV-0100
URL-0101,https://kakawachocolates.com.au/products/peanut-toffee-milk-chocolate-slab,200,Peanut Slab Toffee Milk Chocolate | Kakawa Chocolates,Peanut Toffee Milk Chocolate Slab,https://kakawachocolates.com.au/products/peanut-toffee-milk-chocolate-slab,No noindex observed,EV-0101
URL-0102,https://kakawachocolates.com.au/products/rocher-milk-chocolate,200,Rocher Milk Chocolate – Kakawa Chocolates,Rocher Milk Chocolate,https://kakawachocolates.com.au/products/rocher-milk-chocolate,No noindex observed,EV-0102
URL-0103,https://kakawachocolates.com.au/products/toffee-dark-chocolate-slab,200,Toffee Dark Chocolate Slab | Kakawa Chocolates,Toffee Dark Chocolate Slab,https://kakawachocolates.com.au/products/toffee-dark-chocolate-slab,No noindex observed,EV-0103
URL-0104,https://kakawachocolates.com.au/products/cacao-nib,200,Cacao Nibs – Pure Crunchy Superfood | Kakawa Chocolates,Cacao Nib Chocolate,https://kakawachocolates.com.au/products/cacao-nib,No noindex observed,EV-0104
URL-0105,https://kakawachocolates.com.au/products/caramel,200,Chocolate Caramel | Kakawa Chocolates,Chocolate Caramel,https://kakawachocolates.com.au/products/caramel,No noindex observed,EV-0105
URL-0106,https://kakawachocolates.com.au/products/chocolate-kangaroo-pop,200,Chocolate Kangaroo Pop – Kakawa Chocolates,Chocolate Kangaroo Pop,https://kakawachocolates.com.au/products/chocolate-kangaroo-pop,No noindex observed,EV-0106
URL-0107,https://kakawachocolates.com.au/products/chocolate-koala-pop,200,Chocolate Koala Pop – Kakawa Chocolates,Chocolate Koala Pop,https://kakawachocolates.com.au/products/chocolate-koala-pop,No noindex observed,EV-0107
URL-0108,https://kakawachocolates.com.au/products/chocolate-slab-pack-online-only,200,Dark Chocolate Slab Pack | Kakawa Chocolates,Dark Chocolate Slab Pack (Online Only),https://kakawachocolates.com.au/products/chocolate-slab-pack-online-only,No noindex observed,EV-0108
URL-0109,https://kakawachocolates.com.au/products/cocoa-powder,200,Cocoa Powder | Kakawa Chocolates,Cocoa Powder,https://kakawachocolates.com.au/products/cocoa-powder,No noindex observed,EV-0109
URL-0110,https://kakawachocolates.com.au/products/confectionery-pack-online-only,200,Confectionery Pack | Kakawa Chocolates,Confectionery Pack (Online Only),https://kakawachocolates.com.au/products/confectionery-pack-online-only,No noindex observed,EV-0110
URL-0111,https://kakawachocolates.com.au/products/crunch-pack-online-only,200,Crunch Pack | Kakawa Chocolates,Crunch Pack (Online Only),https://kakawachocolates.com.au/products/crunch-pack-online-only,No noindex observed,EV-0111
URL-0112,https://kakawachocolates.com.au/products/fun-pack-online-only,200,Fun Chocolate Pack (Online Exclusive) | Kakawa Chocolates,Fun Pack (Online Only),https://kakawachocolates.com.au/products/fun-pack-online-only,No noindex observed,EV-0112
URL-0113,https://kakawachocolates.com.au/products/ginger-rock,200,Ginger Rock – Kakawa Chocolates,Ginger Rock,https://kakawachocolates.com.au/products/ginger-rock,No noindex observed,EV-0113
URL-0114,https://kakawachocolates.com.au/products/green-apple-jelly,200,Green Apple Jelly – Kakawa Chocolates,Green Apple Jelly,https://kakawachocolates.com.au/products/green-apple-jelly,No noindex observed,EV-0114
URL-0115,https://kakawachocolates.com.au/products/hot-chocolate-bomb-gift-box-gift-box,200,Hot Chocolate Bomb Gift Box | Kakawa Chocolates,Hot Chocolate Bomb,https://kakawachocolates.com.au/products/hot-chocolate-bomb-gift-box-gift-box,No noindex observed,EV-0115
URL-0116,https://kakawachocolates.com.au/products/matcha-green-tea-caramel,200,Matcha Green Tea Caramel | Kakawa Chocolates,Matcha Green Tea Caramel,https://kakawachocolates.com.au/products/matcha-green-tea-caramel,No noindex observed,EV-0116
URL-0117,https://kakawachocolates.com.au/products/online-orders-only-chocolate-bar-pack,200,Chocolate Bar Pack (Online Only) – Kakawa Chocolates,Chocolate Bar Pack (Online Only),https://kakawachocolates.com.au/products/online-orders-only-chocolate-bar-pack,No noindex observed,EV-0117
URL-0118,https://kakawachocolates.com.au/products/orange-peel,200,Orange Peel | Kakawa Chocolates,Orange Peel,https://kakawachocolates.com.au/products/orange-peel,No noindex observed,EV-0118
URL-0119,https://kakawachocolates.com.au/products/passion-fruit-jelly,200,Passion Fruit Jelly – Kakawa Chocolates,Passion Fruit Jelly,https://kakawachocolates.com.au/products/passion-fruit-jelly,No noindex observed,EV-0119
URL-0120,https://kakawachocolates.com.au/products/raspberry-jelly,200,Raspberry Jelly | Kakawa Chocolates,Raspberry Jelly,https://kakawachocolates.com.au/products/raspberry-jelly,No noindex observed,EV-0120
URL-0121,https://kakawachocolates.com.au/products/rocky-road-cherry-passion-fruit-cherry-rocky-road,200,Cherry Rocky Road – Kakawa Chocolates,Cherry Rocky Road,https://kakawachocolates.com.au/products/rocky-road-cherry-passion-fruit-cherry-rocky-road,No noindex observed,EV-0121
URL-0122,https://kakawachocolates.com.au/products/salted-butter-caramel,200,Salted Butter Caramel – Kakawa Chocolates,Salted Butter Caramel,https://kakawachocolates.com.au/products/salted-butter-caramel,No noindex observed,EV-0122
URL-0123,https://kakawachocolates.com.au/products/sea-salt-and-milk-chocolate-fudge,200,Sea Salt and Milk Chocolate Fudge | Kakawa Chocolates,Sea Salt and Milk Chocolate Fudge,https://kakawachocolates.com.au/products/sea-salt-and-milk-chocolate-fudge,No noindex observed,EV-0123
URL-0124,https://kakawachocolates.com.au/products/strawberry-jelly,200,Strawberry Jelly | Kakawa Chocolates,Strawberry Jelly,https://kakawachocolates.com.au/products/strawberry-jelly,No noindex observed,EV-0124
URL-0125,https://kakawachocolates.com.au/products/vanilla-bean-marshmallows,200,Vanilla Bean Marshmallows | Kakawa Chocolates,Vanilla Bean Marshmallows,https://kakawachocolates.com.au/products/vanilla-bean-marshmallows,No noindex observed,EV-0125
URL-0126,https://kakawachocolates.com.au/products/velvety-chocolate-pack-online-only,200,Velvety Chocolate Pack | Kakawa Chocolates,Velvety Chocolate Pack (Online Only),https://kakawachocolates.com.au/products/velvety-chocolate-pack-online-only,No noindex observed,EV-0126
URL-0127,https://kakawachocolates.com.au/products/booze-chocolate-box,200,Father’s Day Booze Chocolate Gift Box | Kakawa Chocolates,Father’s Day Booze Chocolate Gift Box - 9 Liquor Chocolates,https://kakawachocolates.com.au/products/booze-chocolate-box,No noindex observed,EV-0127
URL-0128,https://kakawachocolates.com.au/products/gift-box-of-25-chocolate,200,Deluxe Father’s Day Liquor Chocolate Box | Kakawa Chocolates,Father’s Day Deluxe Booze Chocolate Box - 25 Piece Liquor Chocolate Collection,https://kakawachocolates.com.au/products/gift-box-of-25-chocolate,No noindex observed,EV-0128
URL-0129,https://kakawachocolates.com.au/collections/gift-boxes?page=2,200,Chocolate Gift Boxes | Luxury Handmade Boxes Sydney | Kakawa – Page 2 – Kakawa Chocolates,Chocolate Gift Boxes,https://kakawachocolates.com.au/collections/gift-boxes?page=2,No noindex observed,EV-0129
URL-0130,https://kakawachocolates.com.au/products/flower-chocolate-gift-box-18-piece-flower-painted-chocolates-bestseller-mix-copy,200,Mother’s Day Flower Chocolate Box | Kakawa Chocolates,Flower Chocolate Gift Box - 25 Piece Flower Painted Chocolates & Bestseller Collection,https://kakawachocolates.com.au/products/flower-chocolate-gift-box-18-piece-flower-painted-chocolates-bestseller-mix-copy,No noindex observed,EV-0130
URL-0131,https://kakawachocolates.com.au/products/flower-chocolate-gift-box-copy,200,Mother’s Day Flower Chocolate Box | Kakawa Chocolates,Flower Chocolate Gift Box - 18 Piece Flower Painted Chocolates & Bestseller Mix,https://kakawachocolates.com.au/products/flower-chocolate-gift-box-copy,No noindex observed,EV-0131
URL-0132,https://kakawachocolates.com.au/products/fresh-ginger-caramel,200,Brownie & Fresh Ginger Caramel | Kakawa Chocolates,Brownie & Fresh Ginger Caramel,https://kakawachocolates.com.au/products/fresh-ginger-caramel,No noindex observed,EV-0132
URL-0133,https://kakawachocolates.com.au/products/gift-box-of-18,200,18 Pieces Gift Box – Kakawa Chocolates,18 Pieces Gift Box,https://kakawachocolates.com.au/products/gift-box-of-18,No noindex observed,EV-0133
URL-0134,https://kakawachocolates.com.au/products/gift-box-of-2,200,Gift Box of 2 | Kakawa Chocolates,2 Pieces Gift Box,https://kakawachocolates.com.au/products/gift-box-of-2,No noindex observed,EV-0134
URL-0135,https://kakawachocolates.com.au/products/gift-box-of-25,200,25 Pieces Chocolate Gift Box | Kakawa Chocolates,25 Pieces Gift Box,https://kakawachocolates.com.au/products/gift-box-of-25,No noindex observed,EV-0135
URL-0136,https://kakawachocolates.com.au/products/gift-box-of-4,200,Gift Box of 4 Chocolates | Kakawa Chocolates,4 Pieces Gift Box,https://kakawachocolates.com.au/products/gift-box-of-4,No noindex observed,EV-0136
URL-0137,https://kakawachocolates.com.au/products/gift-box-of-50-assorted,200,50 Pieces Gift box | Kakawa Chocolates,50 Pieces Gift box,https://kakawachocolates.com.au/products/gift-box-of-50-assorted,No noindex observed,EV-0137
URL-0138,https://kakawachocolates.com.au/products/gift-box-of-9,200,9 Pieces Gift Box – Kakawa Chocolates,9 Pieces Gift Box,https://kakawachocolates.com.au/products/gift-box-of-9,No noindex observed,EV-0138
URL-0139,https://kakawachocolates.com.au/products/hot-chocolate-collection,200,Hot Chocolate Collection | Kakawa Chocolates,Hot Chocolate Collection,https://kakawachocolates.com.au/products/hot-chocolate-collection,No noindex observed,EV-0139
URL-0140,https://kakawachocolates.com.au/products/love-heart,200,Personalised Love Heart Chocolate Gift | Kakawa Chocolates,Love Heart,https://kakawachocolates.com.au/products/love-heart,No noindex observed,EV-0140
URL-0141,https://kakawachocolates.com.au/products/petals-pumps,200,Mother’s Day Flower Chocolate Box | Kakawa Chocolates,Petals & Pumps,https://kakawachocolates.com.au/products/petals-pumps,No noindex observed,EV-0141
URL-0142,https://kakawachocolates.com.au/products/single-origin-gift-box,200,Single Origin Gift Box – Kakawa Chocolates,Single Origin Gift Box,https://kakawachocolates.com.au/products/single-origin-gift-box,No noindex observed,EV-0142
URL-0143,https://kakawachocolates.com.au/products/blueberry-cheesecake-with-white-chocolate-ice-cream-sandwich,200,Blueberry Cheesecake with White Chocolate Ice Cream Sandwich | Kakawa Chocolates,Blueberry Cheesecake with White Chocolate Ice Cream Sandwich,https://kakawachocolates.com.au/products/blueberry-cheesecake-with-white-chocolate-ice-cream-sandwich,No noindex observed,EV-0143
URL-0144,https://kakawachocolates.com.au/products/caramelised-black-sesame-with-white-chocolate-ice-cream-sandwich,200,Caramelised Black Sesame Ice Cream Sandwich | Kakawa Chocolates,Caramelised Black Sesame with White Chocolate Ice Cream Sandwich,https://kakawachocolates.com.au/products/caramelised-black-sesame-with-white-chocolate-ice-cream-sandwich,No noindex observed,EV-0144
URL-0145,https://kakawachocolates.com.au/products/hazelnut-praline-with-milk-chocolate-ice-cream-sandwich,200,Hazelnut Praline Milk Chocolate Ice Cream Sandwich | Kakawa Chocolates,Hazelnut Praline with Milk Chocolate Ice Cream Sandwich,https://kakawachocolates.com.au/products/hazelnut-praline-with-milk-chocolate-ice-cream-sandwich,No noindex observed,EV-0145
URL-0146,https://kakawachocolates.com.au/products/honeycomb-with-dark-chocolate-ice-cream-sandwich,200,Honeycomb with Dark Chocolate Ice Cream Sandwich | Kakawa Chocolates,Honeycomb with Dark Chocolate Ice Cream Sandwich,https://kakawachocolates.com.au/products/honeycomb-with-dark-chocolate-ice-cream-sandwich,No noindex observed,EV-0146
URL-0147,https://kakawachocolates.com.au/products/hot-chocolates-iced-chocolates,200,Iced Chocolates & Hot Chocolate Delights | Kakawa Chocolates,Hot Chocolates / Iced Chocolates,https://kakawachocolates.com.au/products/hot-chocolates-iced-chocolates,No noindex observed,EV-0147
URL-0148,https://kakawachocolates.com.au/products/matcha-green-tea-ice-cream-sandwich,200,Matcha Green Tea Ice Cream Sandwich – Kakawa Chocolates,Matcha Green Tea Ice Cream Sandwich,https://kakawachocolates.com.au/products/matcha-green-tea-ice-cream-sandwich,No noindex observed,EV-0148
URL-0149,https://kakawachocolates.com.au/products/milk-chocolate-with-sea-salted-caramel-ice-cream-sandwich,200,Milk Chocolate Sea Salted Caramel Ice Cream | Kakawa Chocolates,Milk Chocolate with Sea Salted Caramel Ice Cream Sandwich,https://kakawachocolates.com.au/products/milk-chocolate-with-sea-salted-caramel-ice-cream-sandwich,No noindex observed,EV-0149
URL-0150,https://kakawachocolates.com.au/products/chocolate-mooncake,200,Assorted Chocolate Mooncake Gift Box | Kakawa Chocolates,Assorted Chocolate Mooncake Gift Box,https://kakawachocolates.com.au/products/chocolate-mooncake,No noindex observed,EV-0150
URL-0151,https://kakawachocolates.com.au/products/chocolate-mooncake-mango-caramel,200,Mango Caramel Chocolate Mooncake | Kakawa Chocolates,"Mango Caramel & Almond, Quinoa Biscuit Chocolate Mooncake",https://kakawachocolates.com.au/products/chocolate-mooncake-mango-caramel,No noindex observed,EV-0151
URL-0152,https://kakawachocolates.com.au/products/chocolate-mooncake-matcha,200,Matcha & Strawberry Chocolate Mooncake | Kakawa Chocolates,Matcha Green Tea & Strawberry Gel Chocolate Mooncake,https://kakawachocolates.com.au/products/chocolate-mooncake-matcha,No noindex observed,EV-0152
URL-0153,https://kakawachocolates.com.au/products/chocolate-mooncake-peach-oolong,200,Peach Oolong Chocolate Mooncake | Kakawa Chocolates,White Peach Jelly & Oolong Tea Chocolate Mooncake,https://kakawachocolates.com.au/products/chocolate-mooncake-peach-oolong,No noindex observed,EV-0153
URL-0154,https://kakawachocolates.com.au/products/chocolate-mooncake-pineapple,200,Pineapple & Milk Chocolate Mooncake | Kakawa Chocolates,Pineapple Confit & Milk Chocolate Mooncake,https://kakawachocolates.com.au/products/chocolate-mooncake-pineapple,No noindex observed,EV-0154
URL-0155,https://kakawachocolates.com.au/products/online-orders-only-crunchy-chocolate-pack,404,404 Not Found – Kakawa Chocolates,Page not found,https://kakawachocolates.com.au/404,No noindex observed,EV-0155
URL-0156,https://kakawachocolates.com.au/collections/pralines-bonbons?page=2,200,Praline Chocolates & Bonbons | Handmade in Sydney | Kakawa – Page 2 – Kakawa Chocolates,Handcrafted Praline Chocolates & Bonbons,https://kakawachocolates.com.au/collections/pralines-bonbons?page=2,No noindex observed,EV-0156
URL-0157,https://kakawachocolates.com.au/products/almond-praline,200,Almond Praline | Kakawa Chocolates,Almond Praline,https://kakawachocolates.com.au/products/almond-praline,No noindex observed,EV-0157
URL-0158,https://kakawachocolates.com.au/products/apple-caramel-calvados,200,Apple Caramel & Calvados Chocolate – Kakawa Chocolates,Apple Caramel & Calvados Chocolate,https://kakawachocolates.com.au/products/apple-caramel-calvados,No noindex observed,EV-0158
URL-0159,https://kakawachocolates.com.au/products/australian-truffle,200,Australian Truffle Chocolate | Kakawa Chocolates,Australian Truffle Chocolate,https://kakawachocolates.com.au/products/australian-truffle,No noindex observed,EV-0159
URL-0160,https://kakawachocolates.com.au/products/black-current-and-apple,200,Blackcurrant & Apple Bonbon – Kakawa Chocolates,Blackcurrant & Apple Bonbon,https://kakawachocolates.com.au/products/black-current-and-apple,No noindex observed,EV-0160
URL-0161,https://kakawachocolates.com.au/products/calamansi,200,Calamansi Bonbon – Kakawa Chocolates,Calamansi Bonbon,https://kakawachocolates.com.au/products/calamansi,No noindex observed,EV-0161
URL-0162,https://kakawachocolates.com.au/products/caramelised-banana,200,Caramelised Banana in Milk Chocolate | Kakawa Chocolates,Caramelised Banana Bonbon,https://kakawachocolates.com.au/products/caramelised-banana,No noindex observed,EV-0162
URL-0163,https://kakawachocolates.com.au/products/caramelised-fig-and-port,200,Caramelised Fig & Port Bonbon – Kakawa Chocolates,Caramelised Fig & Port Bonbon,https://kakawachocolates.com.au/products/caramelised-fig-and-port,No noindex observed,EV-0163
URL-0164,https://kakawachocolates.com.au/products/caramelised-olive,200,Caramelised Olive in Dark Chocolate | Kakawa Chocolates,Caramelised Olive Bonbon,https://kakawachocolates.com.au/products/caramelised-olive,No noindex observed,EV-0164
URL-0165,https://kakawachocolates.com.au/products/champagne,200,Champagne Bonbon – Kakawa Chocolates,Champagne Bonbon,https://kakawachocolates.com.au/products/champagne,No noindex observed,EV-0165
URL-0166,https://kakawachocolates.com.au/products/chilli,200,Chilli Dark Chocolate – Kakawa Chocolates,Chilli Dark Chocolate,https://kakawachocolates.com.au/products/chilli,No noindex observed,EV-0166
URL-0167,https://kakawachocolates.com.au/products/earl-grey-tea,200,Earl Grey Tea Chocolate – Kakawa Chocolates,Earl Grey Tea Chocolate,https://kakawachocolates.com.au/products/earl-grey-tea,No noindex observed,EV-0167
URL-0168,https://kakawachocolates.com.au/products/hazelnut-boulder,200,Hazelnut Boulder Chocolate | Kakawa Chocolates,Hazelnut Boulder Chocolate,https://kakawachocolates.com.au/products/hazelnut-boulder,No noindex observed,EV-0168
URL-0169,https://kakawachocolates.com.au/products/mango-and-passion-fruit,200,Mango and Passion fruit Chocolate – Kakawa Chocolates,Mango and Passion fruit Chocolate,https://kakawachocolates.com.au/products/mango-and-passion-fruit,No noindex observed,EV-0169
URL-0170,https://kakawachocolates.com.au/products/mendiant,200,Mendiant Chocolate – Gourmet Fruit & Nut | Kakawa Chocolates,Mendiant,https://kakawachocolates.com.au/products/mendiant,No noindex observed,EV-0170
URL-0171,https://kakawachocolates.com.au/products/milk-chocolate-bonbon,200,Milk Chocolate Bonbon | Kakawa Chocolates,Milk Chocolate Bonbon,https://kakawachocolates.com.au/products/milk-chocolate-bonbon,No noindex observed,EV-0171
URL-0172,https://kakawachocolates.com.au/products/orange-and-cointreau,200,Orange & Cointreau Dark Chocolates | Kakawa Chocolates,Orange & Cointreau Dark,https://kakawachocolates.com.au/products/orange-and-cointreau,No noindex observed,EV-0172
URL-0173,https://kakawachocolates.com.au/products/peanut-butter-triangle,200,Peanut Butter Triangle Praline – Kakawa Chocolates,Peanut Butter Triangle Praline,https://kakawachocolates.com.au/products/peanut-butter-triangle,No noindex observed,EV-0173
URL-0174,https://kakawachocolates.com.au/products/raspberry-and-mint-crisp,200,Raspberry & Mint Crisp Bonbon – Kakawa Chocolates,Raspberry & Mint Crisp Bonbon,https://kakawachocolates.com.au/products/raspberry-and-mint-crisp,No noindex observed,EV-0174
URL-0175,https://kakawachocolates.com.au/products/raspberry-delight,200,Raspberry Delight Chocolate – Kakawa Chocolates,Raspberry Delight Chocolate,https://kakawachocolates.com.au/products/raspberry-delight,No noindex observed,EV-0175
URL-0176,https://kakawachocolates.com.au/products/salted-dark,200,Salted Dark Chocolate – Kakawa Chocolates,Salted Dark Chocolate,https://kakawachocolates.com.au/products/salted-dark,No noindex observed,EV-0176
URL-0177,https://kakawachocolates.com.au/products/sea-salted-caramel,200,Sea Salted Caramel Chocolate Bonbon | Kakawa Chocolates,Sea Salted Caramel Bonbon,https://kakawachocolates.com.au/products/sea-salted-caramel,No noindex observed,EV-0177
URL-0178,https://kakawachocolates.com.au/products/spiky-bonbon,200,Spiky Bonbon – Crunchy Praline Chocolate | Kakawa Chocolates,Spiky Bonbon,https://kakawachocolates.com.au/products/spiky-bonbon,No noindex observed,EV-0178
URL-0179,https://kakawachocolates.com.au/products/strawberry-balsamic-vinegar,200,Strawberry & Balsamic Vinegar Dark – Kakawa Chocolates,Strawberry & Balsamic Vinegar Dark,https://kakawachocolates.com.au/products/strawberry-balsamic-vinegar,No noindex observed,EV-0179
URL-0180,https://kakawachocolates.com.au/products/strawberry-cream,200,Strawberry Cream Heart Chocolate | Kakawa Chocolates,Strawberry Cream Heart Chocolate,https://kakawachocolates.com.au/products/strawberry-cream,No noindex observed,EV-0180
URL-0181,https://kakawachocolates.com.au/products/wattle-seed-and-espresso,200,Wattle Seed & Espresso Chocolate Cup | Kakawa Chocolates,Wattle Seed & Espresso Chocolate Cup,https://kakawachocolates.com.au/products/wattle-seed-and-espresso,No noindex observed,EV-0181
URL-0182,https://kakawachocolates.com.au/products/yuzu,200,Yuzu Chocolate – Citrus Infused Cocoa | Kakawa Chocolates,Yuzu Dark,https://kakawachocolates.com.au/products/yuzu,No noindex observed,EV-0182
URL-0183,https://kakawachocolates.com.au/products/australian-70,200,Australian 70% – Kakawa Chocolates,Australian 70%,https://kakawachocolates.com.au/products/australian-70,No noindex observed,EV-0183
URL-0184,https://kakawachocolates.com.au/products/caribbean-islands-66,200,Caribbean Islands 66% Chocolates | Kakawa Chocolates,Caribbean Islands 66%,https://kakawachocolates.com.au/products/caribbean-islands-66,No noindex observed,EV-0184
URL-0185,https://kakawachocolates.com.au/products/ecuador-70,200,Ecuador 70% – Kakawa Chocolates,Ecuador 70%,https://kakawachocolates.com.au/products/ecuador-70,No noindex observed,EV-0185
URL-0186,https://kakawachocolates.com.au/products/madagascar-64,200,Madagascar 64% – Kakawa Chocolates,Madagascar 64%,https://kakawachocolates.com.au/products/madagascar-64,No noindex observed,EV-0186
URL-0187,https://kakawachocolates.com.au/products/papua-new-guinea-65,200,Papua New Guinea 65% | Kakawa Chocolates,Papua New Guinea 65%,https://kakawachocolates.com.au/products/papua-new-guinea-65,No noindex observed,EV-0187
URL-0188,https://kakawachocolates.com.au/products/png-origin-99,200,PNG origin 99% | kakawa chocolates – Kakawa Chocolates,PNG origin 99%,https://kakawachocolates.com.au/products/png-origin-99,No noindex observed,EV-0188
URL-0189,https://kakawachocolates.com.au/products/sao-thome-70,200,Sao Thome 70% – Kakawa Chocolates,Sao Thome 70%,https://kakawachocolates.com.au/products/sao-thome-70,No noindex observed,EV-0189
URL-0190,https://kakawachocolates.com.au/products/vietnam,200,Vietnam 73% – Kakawa Chocolates,Vietnam 73%,https://kakawachocolates.com.au/products/vietnam,No noindex observed,EV-0190
URL-0191,https://kakawachocolates.com.au/products/ultimate-winter-indulgence,200,Vanilla Bean Marshmallows | Kakawa Chocolates,Ultimate Winter Indulgence,https://kakawachocolates.com.au/products/ultimate-winter-indulgence,No noindex observed,EV-0191
URL-0192,https://kakawachocolates.com.au/products/winter-dessert-box,200,Vanilla Bean Marshmallows | Kakawa Chocolates,Winter Dessert Box,https://kakawachocolates.com.au/products/winter-dessert-box,No noindex observed,EV-0192
URL-0193,https://kakawachocolates.com.au/collections/christmas,200,Christmas Chocolates Australia | Christmas Chocolate Gifts – Kakawa Chocolates,Handcrafted Christmas Chocolates & Festive Gifts,https://kakawachocolates.com.au/collections/christmas,No noindex observed,EV-0193
URL-0194,https://kakawachocolates.com.au/collections/easter,200,Handmade Easter Chocolates | Chocolate Eggs & Gift Packs – Kakawa Chocolates,Handcrafted Easter Chocolates,https://kakawachocolates.com.au/collections/easter,No noindex observed,EV-0194
URL-0195,https://kakawachocolates.com.au/collections/lunar-new-year,200,Lunar New Year Chocolates | Kakawa Chocolates,Celebrate Lunar New Year with Handcrafted Chocolates,https://kakawachocolates.com.au/collections/lunar-new-year,No noindex observed,EV-0195
URL-0196,https://kakawachocolates.com.au/collections/mothers-day-flower-chocolates,200,Mother's Day Chocolates | Kakawa Chocolates,Mother's Day Flower Chocolates,https://kakawachocolates.com.au/collections/mothers-day-flower-chocolates,No noindex observed,EV-0196
URL-0197,https://kakawachocolates.com.au/collections/valentines-day,200,Valentine's Day Chocolates & Chocolate Boxes By Kakawa – Kakawa Chocolates,Handcrafted Valentine’s Day Chocolates,https://kakawachocolates.com.au/collections/valentines-day,No noindex observed,EV-0197
URL-0198,https://kakawachocolates.com.au/blogs/chocolates/tagged/artisan-chocolate,200,"Chocolate Insights, Gifting Ideas & Stories | Kakawa Chocolates – Tagged ""artisan chocolate""",Blog,https://kakawachocolates.com.au/blogs/chocolates/tagged/artisan-chocolate,No noindex observed,EV-0198
URL-0199,https://kakawachocolates.com.au/blogs/chocolates/twitter.com/intent/tweet?text=10+Chocolate+Facts+Most+People+Don%E2%80%99t+Know&url=https%3A%2F%2Fkakawachocolates.com.au%2Fblogs%2Fchocolates%2F10-chocolate-facts-most-people-dont-know,404,404 Not Found – Kakawa Chocolates,Page not found,https://kakawachocolates.com.au/404,No noindex observed,EV-0199
URL-0200,https://kakawachocolates.com.au/products/huuse-dark-chocolate-slab?pr_prod_strat=e5_desc&pr_rec_id=aeabd440a&pr_rec_pid=8514125168856&pr_ref_pid=9013341094104&pr_seq=uniform,200,House Dark Chocolate Slab | Kakawa Chocolates,House Dark Chocolate Slab,https://kakawachocolates.com.au/products/huuse-dark-chocolate-slab,No noindex observed,EV-0200
URL-0201,https://kakawachocolates.com.au/blogs/chocolates/8-corporate-chocolate-gift-ideas,200,8 Unique Corporate Chocolate Gift Ideas | Kakawa chocolates – Kakawa Chocolates,8 Unique Corporate Chocolate Gift Ideas | Custom Branded Chocolates by Kakawa,https://kakawachocolates.com.au/blogs/chocolates/8-corporate-chocolate-gift-ideas,No noindex observed,EV-0201
URL-0202,https://kakawachocolates.com.au/blogs/chocolates/chocolate-wedding-favours-that-will-delight-your-guests,200,Custom Chocolate Wedding Favours That Impress | Kakawa Chocolates,Chocolate Wedding Favours That Will Delight Your Guests,https://kakawachocolates.com.au/blogs/chocolates/chocolate-wedding-favours-that-will-delight-your-guests,No noindex observed,EV-0202
URL-0203,https://kakawachocolates.com.au/blogs/chocolates/tagged/corporate-chocolate,200,"Chocolate Insights, Gifting Ideas & Stories | Kakawa Chocolates – Tagged ""corporate chocolate""",Blog,https://kakawachocolates.com.au/blogs/chocolates/tagged/corporate-chocolate,No noindex observed,EV-0203
URL-0204,https://kakawachocolates.com.au/blogs/chocolates/twitter.com/intent/tweet?text=A+Sweet+Collaboration+with+Sydney+Gift+Hampers&url=https%3A%2F%2Fkakawachocolates.com.au%2Fblogs%2Fchocolates%2Fa-sweet-collaboration-with-sydney-gift-hampers,404,404 Not Found – Kakawa Chocolates,Page not found,https://kakawachocolates.com.au/404,No noindex observed,EV-0204
URL-0205,https://kakawachocolates.com.au/blogs/chocolates/twitter.com/intent/tweet?text=The+Best+Last-Minute+EOFY+Corporate+Gifts+%28That+Still+Feel+Thoughtful%29&url=https%3A%2F%2Fkakawachocolates.com.au%2Fblogs%2Fchocolates%2Fbest-last-minute-eofy-corporate-gifts-australia,404,404 Not Found – Kakawa Chocolates,Page not found,https://kakawachocolates.com.au/404,No noindex observed,EV-0205
URL-0206,https://kakawachocolates.com.au/blogs/chocolates/tagged/gift-idea,200,"Chocolate Insights, Gifting Ideas & Stories | Kakawa Chocolates – Tagged ""gift idea""",Blog,https://kakawachocolates.com.au/blogs/chocolates/tagged/gift-idea,No noindex observed,EV-0206
URL-0207,https://kakawachocolates.com.au/blogs/chocolates/tagged/hand-made-chocolate,200,"Chocolate Insights, Gifting Ideas & Stories | Kakawa Chocolates – Tagged ""hand made chocolate""",Blog,https://kakawachocolates.com.au/blogs/chocolates/tagged/hand-made-chocolate,No noindex observed,EV-0207
URL-0208,https://kakawachocolates.com.au/blogs/chocolates/twitter.com/intent/tweet?text=Handmade+Chocolates+vs+Factory+Made+Chocolates%3A+Why+Handmade%3F&url=https%3A%2F%2Fkakawachocolates.com.au%2Fblogs%2Fchocolates%2Fhandmade-chocolates-vs-factory-made-chocolates-why-handmade,404,404 Not Found – Kakawa Chocolates,Page not found,https://kakawachocolates.com.au/404,No noindex observed,EV-0208
URL-0209,https://kakawachocolates.com.au/blogs/chocolates/twitter.com/intent/tweet?text=How+to+Pair+Single+Origin+Chocolate+with+Wine%2C+Whisky+and+Winter+Desserts&url=https%3A%2F%2Fkakawachocolates.com.au%2Fblogs%2Fchocolates%2Fhow-to-pair-single-origin-chocolate-with-wine-whisky-and-winter-desserts,404,404 Not Found – Kakawa Chocolates,Page not found,https://kakawachocolates.com.au/404,No noindex observed,EV-0209
URL-0210,https://kakawachocolates.com.au/collections/confectionary/products/hot-chocolate-bomb-gift-box-gift-box,200,Hot Chocolate Bomb Gift Box | Kakawa Chocolates,Hot Chocolate Bomb,https://kakawachocolates.com.au/products/hot-chocolate-bomb-gift-box-gift-box,No noindex observed,EV-0210
URL-0211,https://kakawachocolates.com.au/collections/confectionary/products/vanilla-bean-marshmallows,200,Vanilla Bean Marshmallows | Kakawa Chocolates,Vanilla Bean Marshmallows,https://kakawachocolates.com.au/products/vanilla-bean-marshmallows,No noindex observed,EV-0211
URL-0212,https://kakawachocolates.com.au/collections/single-origin-chocolates/products/madagascar-64,200,Madagascar 64% – Kakawa Chocolates,Madagascar 64%,https://kakawachocolates.com.au/products/madagascar-64,No noindex observed,EV-0212
URL-0213,https://kakawachocolates.com.au/collections/single-origin-chocolates/products/sao-thome-70,200,Sao Thome 70% – Kakawa Chocolates,Sao Thome 70%,https://kakawachocolates.com.au/products/sao-thome-70,No noindex observed,EV-0213
URL-0214,https://kakawachocolates.com.au/collections/winter-chocolate-collection/products/fresh-ginger-caramel,200,Brownie & Fresh Ginger Caramel | Kakawa Chocolates,Brownie & Fresh Ginger Caramel,https://kakawachocolates.com.au/products/fresh-ginger-caramel,No noindex observed,EV-0214
URL-0215,https://kakawachocolates.com.au/collections/winter-chocolate-collection/products/hot-chocolate-collection,200,Hot Chocolate Collection | Kakawa Chocolates,Hot Chocolate Collection,https://kakawachocolates.com.au/products/hot-chocolate-collection,No noindex observed,EV-0215
URL-0216,https://kakawachocolates.com.au/blogs/chocolates/tagged/chocolate-gift-box,200,"Chocolate Insights, Gifting Ideas & Stories | Kakawa Chocolates – Tagged ""chocolate gift box""",Blog,https://kakawachocolates.com.au/blogs/chocolates/tagged/chocolate-gift-box,No noindex observed,EV-0216
URL-0217,https://kakawachocolates.com.au/blogs/chocolates/tagged/christmas,200,"Chocolate Insights, Gifting Ideas & Stories | Kakawa Chocolates – Tagged ""christmas""",Blog,https://kakawachocolates.com.au/blogs/chocolates/tagged/christmas,No noindex observed,EV-0217
URL-0218,https://kakawachocolates.com.au/blogs/chocolates/tagged/christmas-gift-box,200,"Chocolate Insights, Gifting Ideas & Stories | Kakawa Chocolates – Tagged ""christmas gift box""",Blog,https://kakawachocolates.com.au/blogs/chocolates/tagged/christmas-gift-box,No noindex observed,EV-0218
URL-0219,https://kakawachocolates.com.au/blogs/chocolates/twitter.com/intent/tweet?text=Kakawa%E2%80%99s+Brandied+Cherry+Gift+Box%3A+A+Year+in+the+Making&url=https%3A%2F%2Fkakawachocolates.com.au%2Fblogs%2Fchocolates%2Fkakawa-brandied-cherry-gift-box-a-year-in-the-making,404,404 Not Found – Kakawa Chocolates,Page not found,https://kakawachocolates.com.au/404,No noindex observed,EV-0219
URL-0220,https://kakawachocolates.com.au/products/brandied-cherry-gift-box,200,Brandied Cherry Gift Box – Kakawa Chocolates,Brandied Cherry Gift Box,https://kakawachocolates.com.au/products/brandied-cherry-gift-box,No noindex observed,EV-0220
URL-0221,https://kakawachocolates.com.au/blogs/chocolates/tagged/party-pack,200,"Chocolate Insights, Gifting Ideas & Stories | Kakawa Chocolates – Tagged ""party pack""",Blog,https://kakawachocolates.com.au/blogs/chocolates/tagged/party-pack,No noindex observed,EV-0221
URL-0222,https://kakawachocolates.com.au/blogs/chocolates/twitter.com/intent/tweet?text=Pop+the+Champagne%3A+Meet+Kakawa%E2%80%99s+New+Party+Pack+Collection&url=https%3A%2F%2Fkakawachocolates.com.au%2Fblogs%2Fchocolates%2Fpop-the-champagne-meet-kakawa-s-new-party-pack-collection,404,404 Not Found – Kakawa Chocolates,Page not found,https://kakawachocolates.com.au/404,No noindex observed,EV-0222
URL-0223,https://kakawachocolates.com.au/blogs/chocolates/twitter.com/intent/tweet?text=Single+Origin+Chocolate%3A+Why+Chocolate+Percentage+Doesn%E2%80%99t+Define+Flavour&url=https%3A%2F%2Fkakawachocolates.com.au%2Fblogs%2Fchocolates%2Fsingle-origin-chocolate-why-chocolate-percentage-doesnt-define-flavour,404,404 Not Found – Kakawa Chocolates,Page not found,https://kakawachocolates.com.au/404,No noindex observed,EV-0223
URL-0224,https://kakawachocolates.com.au/collections/single-origin-chocolates/products/ecuador-70,200,Ecuador 70% – Kakawa Chocolates,Ecuador 70%,https://kakawachocolates.com.au/products/ecuador-70,No noindex observed,EV-0224
URL-0225,https://kakawachocolates.com.au/collections/single-origin-chocolates/products/single-origin-gift-box,200,Single Origin Gift Box – Kakawa Chocolates,Single Origin Gift Box,https://kakawachocolates.com.au/products/single-origin-gift-box,No noindex observed,EV-0225
URL-0226,https://kakawachocolates.com.au/collections/single-origin-chocolates/products/vietnam-64-copy,404,404 Not Found – Kakawa Chocolates,Page not found,https://kakawachocolates.com.au/404,No noindex observed,EV-0226
URL-0227,https://kakawachocolates.com.au/products/papua-new-guinea-65?pr_prod_strat=e5_desc&pr_rec_id=f91a244bb&pr_rec_pid=8446176231640&pr_ref_pid=8446178164952&pr_seq=uniform,200,Papua New Guinea 65% | Kakawa Chocolates,Papua New Guinea 65%,https://kakawachocolates.com.au/products/papua-new-guinea-65,No noindex observed,EV-0227
URL-0228,https://kakawachocolates.com.au/blogs/chocolates/tagged/fathers-day-chocolate,200,"Chocolate Insights, Gifting Ideas & Stories | Kakawa Chocolates – Tagged ""father's day chocolate""",Blog,https://kakawachocolates.com.au/blogs/chocolates/tagged/fathers-day-chocolate,No noindex observed,EV-0228
URL-0229,https://kakawachocolates.com.au/collections/fathers-day-booze-chocolates/products/booze-chocolate-box,200,Father’s Day Booze Chocolate Gift Box | Kakawa Chocolates,Father’s Day Booze Chocolate Gift Box - 9 Liquor Chocolates,https://kakawachocolates.com.au/products/booze-chocolate-box,No noindex observed,EV-0229
URL-0230,https://kakawachocolates.com.au/blogs/chocolates/tagged/mothers-day-chocolates,200,"Chocolate Insights, Gifting Ideas & Stories | Kakawa Chocolates – Tagged ""mother's day chocolates""",Blog,https://kakawachocolates.com.au/blogs/chocolates/tagged/mothers-day-chocolates,No noindex observed,EV-0230
URL-0231,https://kakawachocolates.com.au/blogs/chocolates/twitter.com/intent/tweet?text=Thoughtful+Mother%27s+Day+Chocolate+Gifts+for+Every+Taste&url=https%3A%2F%2Fkakawachocolates.com.au%2Fblogs%2Fchocolates%2Fthoughtful-mothers-day-chocolate-gifts-for-every-taste,404,404 Not Found – Kakawa Chocolates,Page not found,https://kakawachocolates.com.au/404,No noindex observed,EV-0231
URL-0232,https://kakawachocolates.com.au/products/hand-bag-raspberry-red,200,Chocolate Handbag gift | Kakawa Chocolates,Hand Bag,https://kakawachocolates.com.au/products/hand-bag-raspberry-red,No noindex observed,EV-0232
URL-0233,https://kakawachocolates.com.au/products/high-heel,200,Hand Painted Chocolate High Heel – Kakawa Chocolates,High Heel,https://kakawachocolates.com.au/products/high-heel,No noindex observed,EV-0233
URL-0234,https://kakawachocolates.com.au/collections/party-packs/products/online-orders-only-chocolate-bar-pack,200,Chocolate Bar Pack (Online Only) – Kakawa Chocolates,Chocolate Bar Pack (Online Only),https://kakawachocolates.com.au/products/online-orders-only-chocolate-bar-pack,No noindex observed,EV-0234
URL-0235,https://kakawachocolates.com.au/blogs/chocolates/twitter.com/intent/tweet?text=Unique+Easter+Chocolate+Ideas+Beyond+the+Supermarket&url=https%3A%2F%2Fkakawachocolates.com.au%2Fblogs%2Fchocolates%2Funique-easter-chocolate-ideas-beyond-the-supermarket,404,404 Not Found – Kakawa Chocolates,Page not found,https://kakawachocolates.com.au/404,No noindex observed,EV-0235
URL-0236,https://kakawachocolates.com.au/collections/easter/products/6-pack-chocolate-egg,200,6 Pack Chocolate Egg – Kakawa Chocolates,6 Pack Chocolate Egg,https://kakawachocolates.com.au/products/6-pack-chocolate-egg,No noindex observed,EV-0236
URL-0237,https://kakawachocolates.com.au/collections/easter/products/easter-chocolate-bilby,200,Easter Chocolate Bilby | Handmade Chocolates Sydney – Kakawa Chocolates,Easter Chocolate Bilby,https://kakawachocolates.com.au/products/easter-chocolate-bilby,No noindex observed,EV-0237
URL-0238,https://kakawachocolates.com.au/collections/easter/products/little-chick,200,Little Chick Easter Chocolate | Easter Chocolate Gift Sydney – Kakawa Chocolates,Little Chick,https://kakawachocolates.com.au/products/little-chick,No noindex observed,EV-0238
URL-0239,https://kakawachocolates.com.au/collections/easter/products/matcha-berry-easter-egg,200,Matcha Berry Easter Chocolate Egg | Handmade Chocolates Sydney – Kakawa Chocolates,Matcha Berry Easter Egg,https://kakawachocolates.com.au/products/matcha-berry-easter-egg,No noindex observed,EV-0239
URL-0240,https://kakawachocolates.com.au/collections/easter/products/planet-egg-dark-chocolate,200,Planet Easter Chocolate Egg | Easter Chocolate Gift Sydney – Kakawa Chocolates,Planet Egg,https://kakawachocolates.com.au/products/planet-egg-dark-chocolate,No noindex observed,EV-0240
URL-0241,https://kakawachocolates.com.au/blogs/chocolates/twitter.com/intent/tweet?text=What+Your+Favourite+Fruit+Says+About+Your+Chocolate+Taste&url=https%3A%2F%2Fkakawachocolates.com.au%2Fblogs%2Fchocolates%2Fwhat-your-favourite-fruit-says-about-your-chocolate-taste,404,404 Not Found – Kakawa Chocolates,Page not found,https://kakawachocolates.com.au/404,No noindex observed,EV-0241
URL-0242,https://kakawachocolates.com.au/collections/confectionary/products/green-apple-jelly,200,Green Apple Jelly – Kakawa Chocolates,Green Apple Jelly,https://kakawachocolates.com.au/products/green-apple-jelly,No noindex observed,EV-0242
URL-0243,https://kakawachocolates.com.au/collections/confectionary/products/passion-fruit-jelly,200,Passion Fruit Jelly – Kakawa Chocolates,Passion Fruit Jelly,https://kakawachocolates.com.au/products/passion-fruit-jelly,No noindex observed,EV-0243
URL-0244,https://kakawachocolates.com.au/collections/confectionary/products/salted-butter-caramel,200,Salted Butter Caramel – Kakawa Chocolates,Salted Butter Caramel,https://kakawachocolates.com.au/products/salted-butter-caramel,No noindex observed,EV-0244
URL-0245,https://kakawachocolates.com.au/collections/confectionary/products/strawberry-jelly,200,Strawberry Jelly | Kakawa Chocolates,Strawberry Jelly,https://kakawachocolates.com.au/products/strawberry-jelly,No noindex observed,EV-0245
URL-0246,https://kakawachocolates.com.au/collections/single-origin-chocolates/products/australian-70,200,Australian 70% – Kakawa Chocolates,Australian 70%,https://kakawachocolates.com.au/products/australian-70,No noindex observed,EV-0246
URL-0247,https://kakawachocolates.com.au/blogs/chocolates/chocolates-gift-box,200,Corporate Chocolate Gifts & Custom Chocolate Boxes – Kakawa Chocolates,Corporate Chocolate Gifts & Custom Chocolate Boxes,https://kakawachocolates.com.au/blogs/chocolates/chocolates-gift-box,No noindex observed,EV-0247
URL-0248,https://kakawachocolates.com.au/blogs/chocolates/corporate-chocolates,200,How Corporate Chocolates Can Elevate Your Brand | Kakawa Chocolates,How Corporate Chocolates Can Enhance Your Brand | Kakawa Chocolates,https://kakawachocolates.com.au/blogs/chocolates/corporate-chocolates,No noindex observed,EV-0248
URL-0249,https://kakawachocolates.com.au/blogs/chocolates/corporate-event-chocolates,200,Why Chocolate Makes the Best Corporate Gift – Kakawa Chocolates,Why Chocolate Makes the Best Corporate Gift,https://kakawachocolates.com.au/blogs/chocolates/corporate-event-chocolates,No noindex observed,EV-0249
URL-0250,https://kakawachocolates.com.au/blogs/chocolates/easter-chocolate-guide-the-best-easter-chocolates-and-eggs-for-2025,200,Easter Chocolate Guide & Best Eggs 2025 | Kakawa Chocolates,Easter Chocolate Guide: The Best Easter Chocolates and Eggs for 2025,https://kakawachocolates.com.au/blogs/chocolates/easter-chocolate-guide-the-best-easter-chocolates-and-eggs-for-2025,No noindex observed,EV-0250
URL-0251,https://kakawachocolates.com.au/blogs/chocolates/mother-s-day-surprise-with-handcrafted-flower-chocolates,200,Mother’s Day handcrafted flower chocolates – Kakawa Chocolates,Mother’s Day surprise with handcrafted flower chocolates,https://kakawachocolates.com.au/blogs/chocolates/mother-s-day-surprise-with-handcrafted-flower-chocolates,No noindex observed,EV-0251
URL-0252,https://kakawachocolates.com.au/blogs/chocolates/personalised-wedding-chocolates-unique-ideas,200,Personalised Wedding Chocolates: Unique Ideas – Kakawa Chocolates,Personalised Wedding Chocolates: Unique Ideas,https://kakawachocolates.com.au/blogs/chocolates/personalised-wedding-chocolates-unique-ideas,No noindex observed,EV-0252
URL-0253,https://kakawachocolates.com.au/blogs/chocolates/the-perfect-christmas-gift,200,Why Chocolate Makes the Perfect Christmas Gift | Kakawa Chocolates,Why Chocolate Makes the Perfect Christmas Gift,https://kakawachocolates.com.au/blogs/chocolates/the-perfect-christmas-gift,No noindex observed,EV-0253
URL-0254,https://kakawachocolates.com.au/blogs/chocolates/the-perfect-gift-boxes,200,The Perfect Gift Boxes for Every Occasion – Kakawa Chocolates,The Perfect Gift Boxes for Every Occasion,https://kakawachocolates.com.au/blogs/chocolates/the-perfect-gift-boxes,No noindex observed,EV-0254
URL-0255,https://kakawachocolates.com.au/blogs/chocolates/wedding-chocolates,200,Personalised Wedding & Custom Favours | Kakawa Chocolates,Personalised Wedding Chocolates | Custom Wedding Favours – Kakawa Chocolates,https://kakawachocolates.com.au/blogs/chocolates/wedding-chocolates,No noindex observed,EV-0255
URL-0256,https://kakawachocolates.com.au/blogs/chocolates?page=1,200,"Chocolate Insights, Gifting Ideas & Stories | Kakawa Chocolates",Blog,https://kakawachocolates.com.au/blogs/chocolates,No noindex observed,EV-0256
URL-0257,https://kakawachocolates.com.au/blogs/in-the-media/the-best-easter-chocolate,200,Best Easter Chocolate for All Ages in Sydney | Kakawa Chocolates,“The best Easter chocolate for all age groups”,https://kakawachocolates.com.au/blogs/in-the-media/the-best-easter-chocolate,No noindex observed,EV-0257
URL-0258,https://kakawachocolates.com.au/blogs/in-the-media/twitter.com/intent/tweet?text=%E2%80%9C9+of+Australia%E2%80%99s+Best+Chocolate+Shops%E2%80%9D&url=https%3A%2F%2Fkakawachocolates.com.au%2Fblogs%2Fin-the-media%2F9-of-australia-best-chocolate-shops,404,404 Not Found – Kakawa Chocolates,Page not found,https://kakawachocolates.com.au/404,No noindex observed,EV-0258
URL-0259,https://kakawachocolates.com.au/blogs/in-the-media/twitter.com/intent/tweet?text=Easter+eggs+%E2%80%93+Freaky+Easter+treats+are+the+flavour+of+the+month+%28+The+Sydney+Morning+Herald+%29&url=https%3A%2F%2Fkakawachocolates.com.au%2Fblogs%2Fin-the-media%2Feaster-eggs-sydney-morning-herald,404,404 Not Found – Kakawa Chocolates,Page not found,https://kakawachocolates.com.au/404,No noindex observed,EV-0259
URL-0260,https://kakawachocolates.com.au/blogs/in-the-media/tagged/easter-chocolates,200,"Media Features & Press Coverage | Kakawa Chocolates – Tagged ""easter chocolates""",In The Media,https://kakawachocolates.com.au/blogs/in-the-media/tagged/easter-chocolates,No noindex observed,EV-0260
URL-0261,https://kakawachocolates.com.au/blogs/in-the-media/twitter.com/intent/tweet?text=Kakawa+Featured+Twice+in+Broadsheet%E2%80%99s+2025+Easter+Guides&url=https%3A%2F%2Fkakawachocolates.com.au%2Fblogs%2Fin-the-media%2Fkakawa-featured-twice-in-broadsheet-s-2025-easter-guides,404,404 Not Found – Kakawa Chocolates,Page not found,https://kakawachocolates.com.au/404,No noindex observed,EV-0261
URL-0262,https://kakawachocolates.com.au/collections/easter/products/3-pack-filled-chocolate-egg,200,Filled Chocolate Egg 3 Pack | Kakawa Chocolates,3 Pack Filled Chocolate Egg,https://kakawachocolates.com.au/products/3-pack-filled-chocolate-egg,No noindex observed,EV-0262
URL-0263,https://kakawachocolates.com.au/collections/easter/products/fried-egg-on-toast,200,Fried Egg On Toast – Kakawa Chocolates,Fried Egg On Toast,https://kakawachocolates.com.au/products/fried-egg-on-toast,No noindex observed,EV-0263
URL-0264,https://kakawachocolates.com.au/collections/easter/products/hot-cross-bun-chocolate,200,Hot Cross Bun Chocolate | Kakawa Chocolates,Hot Cross Bun Chocolate,https://kakawachocolates.com.au/products/hot-cross-bun-chocolate,No noindex observed,EV-0264
URL-0265,https://kakawachocolates.com.au/collections/easter/products/praline-filled-large-egg,200,Praline Filled Large Chocolate Egg | Kakawa Chocolates,Praline-filled Large Egg,https://kakawachocolates.com.au/products/praline-filled-large-egg,No noindex observed,EV-0265
URL-0266,https://kakawachocolates.com.au/blogs/in-the-media/twitter.com/intent/tweet?text=%E2%80%9CSix+Of+The+Best+Easter+Eggs+For+Adults%E2%80%9D&url=https%3A%2F%2Fkakawachocolates.com.au%2Fblogs%2Fin-the-media%2Fsix-of-the-best-easter-eggs-for-adults,404,404 Not Found – Kakawa Chocolates,Page not found,https://kakawachocolates.com.au/404,No noindex observed,EV-0266
URL-0267,https://kakawachocolates.com.au/blogs/in-the-media/twitter.com/intent/tweet?text=Sweet+Coverage%3A+Kakawa+Hops+Into+The+Sydney+Morning+Herald&url=https%3A%2F%2Fkakawachocolates.com.au%2Fblogs%2Fin-the-media%2Fsweet-coverage-kakawa-hops-into-the-sydney-morning-herald,404,404 Not Found – Kakawa Chocolates,Page not found,https://kakawachocolates.com.au/404,No noindex observed,EV-0267
URL-0268,https://kakawachocolates.com.au/blogs/in-the-media/twitter.com/intent/tweet?text=%E2%80%9CSydney%E2%80%99s+cracking+new+chocolate+Easter+eggs+for+every+budget%E2%80%9D&url=https%3A%2F%2Fkakawachocolates.com.au%2Fblogs%2Fin-the-media%2Fsydney-cracking-chocolate-easter-eggs,404,404 Not Found – Kakawa Chocolates,Page not found,https://kakawachocolates.com.au/404,No noindex observed,EV-0268
URL-0269,https://kakawachocolates.com.au/blogs/in-the-media/twitter.com/intent/tweet?text=%E2%80%9CSydney+Sweets%3A+An+Essential+Guide%E2%80%9D&url=https%3A%2F%2Fkakawachocolates.com.au%2Fblogs%2Fin-the-media%2Fsydney-sweets-an-essential-guide,404,404 Not Found – Kakawa Chocolates,Page not found,https://kakawachocolates.com.au/404,No noindex observed,EV-0269
URL-0270,https://kakawachocolates.com.au/blogs/in-the-media/twitter.com/intent/tweet?text=%E2%80%9CThe+10+Best+Chocolates+to+Indulge+in+this+Easter%E2%80%9D&url=https%3A%2F%2Fkakawachocolates.com.au%2Fblogs%2Fin-the-media%2Fthe-10-best-chocolates-easter,404,404 Not Found – Kakawa Chocolates,Page not found,https://kakawachocolates.com.au/404,No noindex observed,EV-0270
URL-0271,https://kakawachocolates.com.au/blogs/in-the-media/twitter.com/intent/tweet?text=%E2%80%9CThe+Best+Chocolate+Shops+in+Sydney+to+Get+Your+Sweet+Treat+Fix%E2%80%9D&url=https%3A%2F%2Fkakawachocolates.com.au%2Fblogs%2Fin-the-media%2Fthe-best-chocolate-shops-in-sydney,404,404 Not Found – Kakawa Chocolates,Page not found,https://kakawachocolates.com.au/404,No noindex observed,EV-0271
URL-0272,https://kakawachocolates.com.au/blogs/in-the-media/twitter.com/intent/tweet?text=%E2%80%9CThe+Best+Chocolatiers+in+Sydney%E2%80%9D&url=https%3A%2F%2Fkakawachocolates.com.au%2Fblogs%2Fin-the-media%2Fthe-best-chocolatiers-in-sydney,404,404 Not Found – Kakawa Chocolates,Page not found,https://kakawachocolates.com.au/404,No noindex observed,EV-0272
URL-0273,https://kakawachocolates.com.au/blogs/in-the-media/twitter.com/intent/tweet?text=%E2%80%9CWhere+to+find+the+best+Easter+chocolate+in+Sydney%E2%80%9D&url=https%3A%2F%2Fkakawachocolates.com.au%2Fblogs%2Fin-the-media%2Fthe-best-easter-chocolate-in-sydney,404,404 Not Found – Kakawa Chocolates,Page not found,https://kakawachocolates.com.au/404,No noindex observed,EV-0273
URL-0274,https://kakawachocolates.com.au/blogs/in-the-media/twitter.com/intent/tweet?text=%E2%80%9CWorld+Chocolate+Day%3A+11+places+to+get+your+chocolate+fix%E2%80%9D&url=https%3A%2F%2Fkakawachocolates.com.au%2Fblogs%2Fin-the-media%2Fworld-chocolate-day,404,404 Not Found – Kakawa Chocolates,Page not found,https://kakawachocolates.com.au/404,No noindex observed,EV-0274
URL-0275,https://kakawachocolates.com.au/blogs/in-the-media/australia-top-10-chocolate-shops,200,“Australia’s Top 10 Chocolate Shops” – Kakawa Chocolates,“Australia’s Top 10 Chocolate Shops”,https://kakawachocolates.com.au/blogs/in-the-media/australia-top-10-chocolate-shops,No noindex observed,EV-0275
URL-0276,https://kakawachocolates.com.au/blogs/in-the-media/easter-chocolate-gift-guide,200,“Easter Chocolate Gift Guide” – Kakawa Chocolates,“Easter Chocolate Gift Guide”,https://kakawachocolates.com.au/blogs/in-the-media/easter-chocolate-gift-guide,No noindex observed,EV-0276
URL-0277,https://kakawachocolates.com.au/blogs/in-the-media?page=1,200,Media Features & Press Coverage | Kakawa Chocolates,In The Media,https://kakawachocolates.com.au/blogs/in-the-media,No noindex observed,EV-0277
URL-0278,https://kakawachocolates.com.au/collections/all?page=2,200,Products – Page 2 – Kakawa Chocolates,Products,https://kakawachocolates.com.au/collections/all?page=2,No noindex observed,EV-0278
URL-0279,https://kakawachocolates.com.au/collections/all?page=3,200,Products – Page 3 – Kakawa Chocolates,Products,https://kakawachocolates.com.au/collections/all?page=3,No noindex observed,EV-0279
URL-0280,https://kakawachocolates.com.au/collections/all?page=8,200,Products – Page 8 – Kakawa Chocolates,Products,https://kakawachocolates.com.au/collections/all?page=8,No noindex observed,EV-0280
URL-0281,https://kakawachocolates.com.au/products/3-pack-filled-chocolate-egg,200,Filled Chocolate Egg 3 Pack | Kakawa Chocolates,3 Pack Filled Chocolate Egg,https://kakawachocolates.com.au/products/3-pack-filled-chocolate-egg,No noindex observed,EV-0281
URL-0282,https://kakawachocolates.com.au/products/6-pack-chocolate-egg,200,6 Pack Chocolate Egg – Kakawa Chocolates,6 Pack Chocolate Egg,https://kakawachocolates.com.au/products/6-pack-chocolate-egg,No noindex observed,EV-0282
URL-0283,https://kakawachocolates.com.au/products/70-dark-chocolates,200,70% Dark Chocolates – Kakawa Chocolates,70% Dark Chocolates,https://kakawachocolates.com.au/products/70-dark-chocolates,No noindex observed,EV-0283
URL-0284,https://kakawachocolates.com.au/products/advent-calendar,200,Advent Calendar | Kakawa Chocolates,Advent Calendar,https://kakawachocolates.com.au/products/advent-calendar,No noindex observed,EV-0284
URL-0285,https://kakawachocolates.com.au/collections/design-your-own-box?page=2,200,Design Your Own Chocolate Box | Kakawa Chocolates – Page 2,Design Your Own Box,https://kakawachocolates.com.au/collections/design-your-own-box?page=2,No noindex observed,EV-0285
URL-0286,https://kakawachocolates.com.au/products/caramelised-raspberry,200,Caramelised Raspberry Chocolate – Kakawa Chocolates,Caramelised Raspberry Chocolate,https://kakawachocolates.com.au/products/caramelised-raspberry,No noindex observed,EV-0286
URL-0287,https://kakawachocolates.com.au/products/cashew-crunch-coconut,200,Cashew Crunch & Coconut Chocolate – Kakawa Chocolates,Cashew Crunch & Coconut Chocolate,https://kakawachocolates.com.au/products/cashew-crunch-coconut,No noindex observed,EV-0287
URL-0288,https://kakawachocolates.com.au/products/green-tea,200,Green Tea Bonbon – Kakawa Chocolates,Green Tea Bonbon,https://kakawachocolates.com.au/products/green-tea,No noindex observed,EV-0288
URL-0289,https://kakawachocolates.com.au/products/lychee,200,Lychee Chocolate – Kakawa Chocolates,Lychee Chocolate,https://kakawachocolates.com.au/products/lychee,No noindex observed,EV-0289
URL-0290,https://kakawachocolates.com.au/products/mango-coconut,200,Mango & Coconut Chocolate – Kakawa Chocolates,Mango & Coconut Chocolate,https://kakawachocolates.com.au/products/mango-coconut,No noindex observed,EV-0290
URL-0291,https://kakawachocolates.com.au/products/tonka,200,Tonka Chocolate – Kakawa Chocolates,Tonka Chocolate,https://kakawachocolates.com.au/products/tonka,No noindex observed,EV-0291
URL-0292,https://kakawachocolates.com.au/collections/chocolate-slab?page=1,200,Premium Chocolate Slabs | Handmade Chocolate Slabs By Kakawa – Kakawa Chocolates,Handcrafted Chocolate Slab,https://kakawachocolates.com.au/collections/chocolate-slab,No noindex observed,EV-0292
URL-0293,https://kakawachocolates.com.au/products/pecan-crunch,200,Blonde (Caramelised White Chocolates) | Kakawa Chocolates,Pecan Crunch,https://kakawachocolates.com.au/products/pecan-crunch,No noindex observed,EV-0293
URL-0294,https://kakawachocolates.com.au/collections/gift-boxes?page=1,200,Chocolate Gift Boxes | Luxury Handmade Boxes Sydney | Kakawa – Kakawa Chocolates,Chocolate Gift Boxes,https://kakawachocolates.com.au/collections/gift-boxes,No noindex observed,EV-0294
URL-0295,https://kakawachocolates.com.au/collections/pralines-bonbons?page=1,200,Praline Chocolates & Bonbons | Handmade in Sydney | Kakawa – Kakawa Chocolates,Handcrafted Praline Chocolates & Bonbons,https://kakawachocolates.com.au/collections/pralines-bonbons,No noindex observed,EV-0295
URL-0296,https://kakawachocolates.com.au/products/meyer-lemon-tart,200,Meyer Lemon Tart – Kakawa Chocolates,Meyer Lemon Tart,https://kakawachocolates.com.au/products/meyer-lemon-tart,No noindex observed,EV-0296
URL-0297,https://kakawachocolates.com.au/products/salted-crispy-crunchy,200,Salted Crispy Crunchy Chocolate – Kakawa Chocolates,Salted Crispy Crunchy Chocolate,https://kakawachocolates.com.au/products/salted-crispy-crunchy,No noindex observed,EV-0297
URL-0298,https://kakawachocolates.com.au/products/caramel-rudolph,200,Caramel Rudolph – Kakawa Chocolates,Caramel Rudolph,https://kakawachocolates.com.au/products/caramel-rudolph,No noindex observed,EV-0298
URL-0299,https://kakawachocolates.com.au/products/chocolate-christmas-tree,200,Chocolate Christmas Tree – Kakawa Chocolates,Chocolate Christmas Tree,https://kakawachocolates.com.au/products/chocolate-christmas-tree,No noindex observed,EV-0299
URL-0300,https://kakawachocolates.com.au/products/chocolate-reindeer,200,Chocolate Reindeer – Kakawa Chocolates,Chocolate Reindeer,https://kakawachocolates.com.au/products/chocolate-reindeer,No noindex observed,EV-0300
URL-0301,https://kakawachocolates.com.au/products/chocolate-salami,200,Chocolate Salami – Kakawa Chocolates,Chocolate Salami,https://kakawachocolates.com.au/products/chocolate-salami,No noindex observed,EV-0301
URL-0302,https://kakawachocolates.com.au/products/christmas-chocolate-hamper,200,Christmas Chocolate Hamper – Kakawa Chocolates,Christmas Chocolate Hamper,https://kakawachocolates.com.au/products/christmas-chocolate-hamper,No noindex observed,EV-0302
URL-0303,https://kakawachocolates.com.au/products/christmas-nougat,200,Christmas White Chocolate Nougat | Kakawa Chocolates,Christmas White Chocolate Nougat,https://kakawachocolates.com.au/products/christmas-nougat,No noindex observed,EV-0303
URL-0304,https://kakawachocolates.com.au/products/christmas-pudding,200,Christmas Pudding – Kakawa Chocolates,Christmas Pudding,https://kakawachocolates.com.au/products/christmas-pudding,No noindex observed,EV-0304
URL-0305,https://kakawachocolates.com.au/products/ginger-breadless-man-pop,200,Ginger Breadless Man Pop – Kakawa Chocolates,Ginger Breadless Man Pop,https://kakawachocolates.com.au/products/ginger-breadless-man-pop,No noindex observed,EV-0305
URL-0306,https://kakawachocolates.com.au/products/chocolate-egg-bee,200,Chocolate Egg Bee – Kakawa Chocolates,Chocolate Egg Bee,https://kakawachocolates.com.au/products/chocolate-egg-bee,No noindex observed,EV-0306
URL-0307,https://kakawachocolates.com.au/products/chocolate-egg-sheep,200,Chocolate Egg Sheep | Kakawa Chocolates,Chocolate Egg Sheep,https://kakawachocolates.com.au/products/chocolate-egg-sheep,No noindex observed,EV-0307
URL-0308,https://kakawachocolates.com.au/products/easter-chocolate-bilby,200,Easter Chocolate Bilby | Handmade Chocolates Sydney – Kakawa Chocolates,Easter Chocolate Bilby,https://kakawachocolates.com.au/products/easter-chocolate-bilby,No noindex observed,EV-0308
URL-0309,https://kakawachocolates.com.au/products/fried-egg-on-toast,200,Fried Egg On Toast – Kakawa Chocolates,Fried Egg On Toast,https://kakawachocolates.com.au/products/fried-egg-on-toast,No noindex observed,EV-0309
URL-0310,https://kakawachocolates.com.au/products/guard-rooster,200,Guard Rooster – Kakawa Chocolates,Guard Rooster,https://kakawachocolates.com.au/products/guard-rooster,No noindex observed,EV-0310
URL-0311,https://kakawachocolates.com.au/products/happy-easter-bunny,200,Happy Easter Bunny – Kakawa Chocolates,Happy Easter Bunny,https://kakawachocolates.com.au/products/happy-easter-bunny,No noindex observed,EV-0311
URL-0312,https://kakawachocolates.com.au/products/hot-cross-bun-chocolate,200,Hot Cross Bun Chocolate | Kakawa Chocolates,Hot Cross Bun Chocolate,https://kakawachocolates.com.au/products/hot-cross-bun-chocolate,No noindex observed,EV-0312
URL-0313,https://kakawachocolates.com.au/products/little-chick,200,Little Chick Easter Chocolate | Easter Chocolate Gift Sydney – Kakawa Chocolates,Little Chick,https://kakawachocolates.com.au/products/little-chick,No noindex observed,EV-0313
URL-0314,https://kakawachocolates.com.au/products/matcha-berry-easter-egg,200,Matcha Berry Easter Chocolate Egg | Handmade Chocolates Sydney – Kakawa Chocolates,Matcha Berry Easter Egg,https://kakawachocolates.com.au/products/matcha-berry-easter-egg,No noindex observed,EV-0314
URL-0315,https://kakawachocolates.com.au/products/planet-egg-dark-chocolate,200,Planet Easter Chocolate Egg | Easter Chocolate Gift Sydney – Kakawa Chocolates,Planet Egg,https://kakawachocolates.com.au/products/planet-egg-dark-chocolate,No noindex observed,EV-0315
URL-0316,https://kakawachocolates.com.au/products/praline-filled-large-egg,200,Praline Filled Large Chocolate Egg | Kakawa Chocolates,Praline-filled Large Egg,https://kakawachocolates.com.au/products/praline-filled-large-egg,No noindex observed,EV-0316
URL-0317,https://kakawachocolates.com.au/products/praline-filled-open-egg,200,Praline Filled Open Egg – Kakawa Chocolates,Praline Filled Open Egg,https://kakawachocolates.com.au/products/praline-filled-open-egg,No noindex observed,EV-0317
URL-0318,https://kakawachocolates.com.au/products/quail-egg,200,Quail Egg Chocolate – Unique Cocoa Treat | Kakawa Chocolates,Quail Egg,https://kakawachocolates.com.au/products/quail-egg,No noindex observed,EV-0318
URL-0319,https://kakawachocolates.com.au/products/rattle-egg,200,Rattle Egg – Kakawa Chocolates,Rattle Egg,https://kakawachocolates.com.au/products/rattle-egg,No noindex observed,EV-0319
URL-0320,https://kakawachocolates.com.au/products/solid-bunny,200,Solid Bunny – Kakawa Chocolates,Solid Bunny,https://kakawachocolates.com.au/products/solid-bunny,No noindex observed,EV-0320
URL-0321,https://kakawachocolates.com.au/products/sugar-coated-praline-egg,200,Sugar Coated Praline Egg – Kakawa Chocolates,Sugar Coated Praline Egg,https://kakawachocolates.com.au/products/sugar-coated-praline-egg,No noindex observed,EV-0321
URL-0322,https://kakawachocolates.com.au/products/lunar-box,200,Lunar New Year Chocolates – Year of the Fire Horse | Kakawa Chocolates,Lunar Box,https://kakawachocolates.com.au/products/lunar-box,No noindex observed,EV-0322
URL-0323,https://kakawachocolates.com.au/products/mahjong-set,200,Premium Mahjong Set | Kakawa Chocolates,Mahjong Set,https://kakawachocolates.com.au/products/mahjong-set,No noindex observed,EV-0323
URL-0324,https://kakawachocolates.com.au/products/money-bag,200,Lunar New Year Chocolate Money Bag | Kakawa Chocolates,Money Bag,https://kakawachocolates.com.au/products/money-bag,No noindex observed,EV-0324
URL-0325,https://kakawachocolates.com.au/products/the-runway-duo,200,Chocolate Handbag gift | Kakawa Chocolates,The Runway Duo,https://kakawachocolates.com.au/products/the-runway-duo,No noindex observed,EV-0325
URL-0326,https://kakawachocolates.com.au/products/valentine-love-gift-box,200,Valentine Love Chocolate Gift Box | Kakawa Chocolates,Valentine Love Gift Box,https://kakawachocolates.com.au/products/valentine-love-gift-box,No noindex observed,EV-0326
URL-0327,https://kakawachocolates.com.au/blogs/chocolates/tagged/wedding-chocolates,200,"Chocolate Insights, Gifting Ideas & Stories | Kakawa Chocolates – Tagged ""Wedding Chocolates""",Blog,https://kakawachocolates.com.au/blogs/chocolates/tagged/wedding-chocolates,No noindex observed,EV-0327
URL-0328,https://kakawachocolates.com.au/blogs/chocolates/twitter.com/intent/tweet?text=Chocolate+Wedding+Favours+That+Will+Delight+Your+Guests&url=https%3A%2F%2Fkakawachocolates.com.au%2Fblogs%2Fchocolates%2Fchocolate-wedding-favours-that-will-delight-your-guests,404,404 Not Found – Kakawa Chocolates,Page not found,https://kakawachocolates.com.au/404,No noindex observed,EV-0328
URL-0329,https://kakawachocolates.com.au/blogs/chocolates/twitter.com/intent/tweet?text=Corporate+Chocolate+Gifts+%26+Custom+Chocolate+Boxes&url=https%3A%2F%2Fkakawachocolates.com.au%2Fblogs%2Fchocolates%2Fchocolates-gift-box,404,404 Not Found – Kakawa Chocolates,Page not found,https://kakawachocolates.com.au/404,No noindex observed,EV-0329
URL-0330,https://kakawachocolates.com.au/blogs/chocolates/twitter.com/intent/tweet?text=How+Corporate+Chocolates+Can+Enhance+Your+Brand++%7C+Kakawa+Chocolates&url=https%3A%2F%2Fkakawachocolates.com.au%2Fblogs%2Fchocolates%2Fcorporate-chocolates,404,404 Not Found – Kakawa Chocolates,Page not found,https://kakawachocolates.com.au/404,No noindex observed,EV-0330
URL-0331,https://kakawachocolates.com.au/blogs/chocolates/twitter.com/intent/tweet?text=Why+Chocolate+Makes+the+Best+Corporate+Gift&url=https%3A%2F%2Fkakawachocolates.com.au%2Fblogs%2Fchocolates%2Fcorporate-event-chocolates,404,404 Not Found – Kakawa Chocolates,Page not found,https://kakawachocolates.com.au/404,No noindex observed,EV-0331
URL-0332,https://kakawachocolates.com.au/blogs/chocolates/twitter.com/intent/tweet?text=Easter+Chocolate+Guide%3A+The+Best+Easter+Chocolates+and+Eggs+for+2025&url=https%3A%2F%2Fkakawachocolates.com.au%2Fblogs%2Fchocolates%2Feaster-chocolate-guide-the-best-easter-chocolates-and-eggs-for-2025,404,404 Not Found – Kakawa Chocolates,Page not found,https://kakawachocolates.com.au/404,No noindex observed,EV-0332
URL-0333,https://kakawachocolates.com.au/collections/easter/products/dinosaur-egg,404,404 Not Found – Kakawa Chocolates,Page not found,https://kakawachocolates.com.au/404,No noindex observed,EV-0333
URL-0334,https://kakawachocolates.com.au/collections/easter/products/happy-easter-bunny,200,Happy Easter Bunny – Kakawa Chocolates,Happy Easter Bunny,https://kakawachocolates.com.au/products/happy-easter-bunny,No noindex observed,EV-0334
URL-0335,https://kakawachocolates.com.au/collections/easter/products/sugar-coated-praline-egg,200,Sugar Coated Praline Egg – Kakawa Chocolates,Sugar Coated Praline Egg,https://kakawachocolates.com.au/products/sugar-coated-praline-egg,No noindex observed,EV-0335
URL-0336,https://kakawachocolates.com.au/blogs/chocolates/tagged/mothers-day-flower-chocolate,200,"Chocolate Insights, Gifting Ideas & Stories | Kakawa Chocolates – Tagged ""mother's day flower chocolate""",Blog,https://kakawachocolates.com.au/blogs/chocolates/tagged/mothers-day-flower-chocolate,No noindex observed,EV-0336
URL-0337,https://kakawachocolates.com.au/blogs/chocolates/twitter.com/intent/tweet?text=Mother%E2%80%99s+Day+surprise+with+handcrafted+flower+chocolates&url=https%3A%2F%2Fkakawachocolates.com.au%2Fblogs%2Fchocolates%2Fmother-s-day-surprise-with-handcrafted-flower-chocolates,404,404 Not Found – Kakawa Chocolates,Page not found,https://kakawachocolates.com.au/404,No noindex observed,EV-0337
URL-0338,https://kakawachocolates.com.au/collections/mothers-day-flower-chocolates/products/flower-chocolate-box-mothers-day-limited-edition,404,404 Not Found – Kakawa Chocolates,Page not found,https://kakawachocolates.com.au/404,No noindex observed,EV-0338
URL-0339,https://kakawachocolates.com.au/collections/mothers-day-flower-chocolates/products/mothers-day-flower-heart-chocolate,404,404 Not Found – Kakawa Chocolates,Page not found,https://kakawachocolates.com.au/404,No noindex observed,EV-0339
URL-0340,https://kakawachocolates.com.au/collections/mothers-day-flower-chocolates/products/spoil-mum-pack,404,404 Not Found – Kakawa Chocolates,Page not found,https://kakawachocolates.com.au/404,No noindex observed,EV-0340
URL-0341,https://kakawachocolates.com.au/blogs/chocolates/twitter.com/intent/tweet?text=Personalised+Wedding+Chocolates%3A+Unique+Ideas&url=https%3A%2F%2Fkakawachocolates.com.au%2Fblogs%2Fchocolates%2Fpersonalised-wedding-chocolates-unique-ideas,404,404 Not Found – Kakawa Chocolates,Page not found,https://kakawachocolates.com.au/404,No noindex observed,EV-0341
URL-0342,https://kakawachocolates.com.au/blogs/chocolates/twitter.com/intent/tweet?text=Why+Chocolate+Makes+the+Perfect+Christmas+Gift&url=https%3A%2F%2Fkakawachocolates.com.au%2Fblogs%2Fchocolates%2Fthe-perfect-christmas-gift,404,404 Not Found – Kakawa Chocolates,Page not found,https://kakawachocolates.com.au/404,No noindex observed,EV-0342
URL-0343,https://kakawachocolates.com.au/blogs/chocolates/twitter.com/intent/tweet?text=The+Perfect+Gift+Boxes+for+Every+Occasion&url=https%3A%2F%2Fkakawachocolates.com.au%2Fblogs%2Fchocolates%2Fthe-perfect-gift-boxes,404,404 Not Found – Kakawa Chocolates,Page not found,https://kakawachocolates.com.au/404,No noindex observed,EV-0343
URL-0344,https://kakawachocolates.com.au/blogs/chocolates/twitter.com/intent/tweet?text=Personalised+Wedding+Chocolates+%7C+Custom+Wedding+Favours+%E2%80%93+Kakawa+Chocolates&url=https%3A%2F%2Fkakawachocolates.com.au%2Fblogs%2Fchocolates%2Fwedding-chocolates,404,404 Not Found – Kakawa Chocolates,Page not found,https://kakawachocolates.com.au/404,No noindex observed,EV-0344
URL-0345,https://kakawachocolates.com.au/blogs/in-the-media/twitter.com/intent/tweet?text=%E2%80%9CThe+best+Easter+chocolate+for+all+age+groups%E2%80%9D&url=https%3A%2F%2Fkakawachocolates.com.au%2Fblogs%2Fin-the-media%2Fthe-best-easter-chocolate,404,404 Not Found – Kakawa Chocolates,Page not found,https://kakawachocolates.com.au/404,No noindex observed,EV-0345
URL-0346,https://kakawachocolates.com.au/blogs/in-the-media/twitter.com/intent/tweet?text=%E2%80%9CAustralia%E2%80%99s+Top+10+Chocolate+Shops%E2%80%9D&url=https%3A%2F%2Fkakawachocolates.com.au%2Fblogs%2Fin-the-media%2Faustralia-top-10-chocolate-shops,404,404 Not Found – Kakawa Chocolates,Page not found,https://kakawachocolates.com.au/404,No noindex observed,EV-0346
URL-0347,https://kakawachocolates.com.au/blogs/in-the-media/twitter.com/intent/tweet?text=%E2%80%9CEaster+Chocolate+Gift+Guide%E2%80%9D&url=https%3A%2F%2Fkakawachocolates.com.au%2Fblogs%2Fin-the-media%2Feaster-chocolate-gift-guide,404,404 Not Found – Kakawa Chocolates,Page not found,https://kakawachocolates.com.au/404,No noindex observed,EV-0347
URL-0348,https://kakawachocolates.com.au/collections/all?page=1,200,Products – Kakawa Chocolates,Products,https://kakawachocolates.com.au/collections/all,No noindex observed,EV-0348
URL-0349,https://kakawachocolates.com.au/collections/all?page=4,200,Products – Page 4 – Kakawa Chocolates,Products,https://kakawachocolates.com.au/collections/all?page=4,No noindex observed,EV-0349
URL-0350,https://kakawachocolates.com.au/collections/all?page=5,200,Products – Page 5 – Kakawa Chocolates,Products,https://kakawachocolates.com.au/collections/all?page=5,No noindex observed,EV-0350
URL-0351,https://kakawachocolates.com.au/products/cricket-ball,200,Cricket Ball – Kakawa Chocolates,Cricket Ball,https://kakawachocolates.com.au/products/cricket-ball,No noindex observed,EV-0351
URL-0352,https://kakawachocolates.com.au/collections/all?page=6,200,Products – Page 6 – Kakawa Chocolates,Products,https://kakawachocolates.com.au/collections/all?page=6,No noindex observed,EV-0352
URL-0353,https://kakawachocolates.com.au/collections/all?page=7,200,Products – Page 7 – Kakawa Chocolates,Products,https://kakawachocolates.com.au/collections/all?page=7,No noindex observed,EV-0353
URL-0354,https://kakawachocolates.com.au/collections/design-your-own-box?page=1,200,Design Your Own Chocolate Box | Kakawa Chocolates,Design Your Own Box,https://kakawachocolates.com.au/collections/design-your-own-box,No noindex observed,EV-0354
URL-0355,https://kakawachocolates.com.au/products/foldable-eco-shopping-bag,200,Foldable Eco Shopping Bag – Kakawa Chocolates,Foldable Eco Shopping Bag,https://kakawachocolates.com.au/products/foldable-eco-shopping-bag,No noindex observed,EV-0355
URL-0356,https://kakawachocolates.com.au/products/gift-card,200,Message Card – Kakawa Chocolates,Message Card,https://kakawachocolates.com.au/products/gift-card,No noindex observed,EV-0356
URL-0357,https://kakawachocolates.com.au/products/foam-box,200,Temperature Protection (Maintains chocolate quality in transit) – Kakawa Chocolates,Temperature Protection (Maintains chocolate quality in transit),https://kakawachocolates.com.au/products/foam-box,No noindex observed,EV-0357
